Student_ID,parental_level_of_education,lunch_plan,test_preparation_course,Test_ID
43E1519F2042,1.00,2.00,NONE,1
AD59DD156E95,1.00,2.00,NONE,2
4802DCF935A0,1.00,2.00,NONE,3
2FF132E08CA3,1.00,2.00,NONE,4
AE6DD4190E1A,1.00,2.00,NONE,5
35458460B846,1.00,2.00,NONE,6
8B1B5F3FDEB2,1.00,1.00,NONE,7
60258D646DDB,1.00,2.00,NONE,8
2428CA231380,1.00,2.00,NONE,9
77CBC1086423,1.00,2.00,NONE,10
0AACB8FF24B4,1.00,2.00,NONE,11
4CA8AC460BAD,1.00,1.00,NONE,12
EFC8DCB1139C,1.00,2.00,NONE,13
8CC9C9B495DD,1.00,2.00,NONE,14
38CD7CA404EF,1.00,1.00,NONE,15
93D484D71799,1.00,2.00,NONE,16
CF51A52CD06A,1.00,1.00,NONE,17
E4D35FFFEE48,1.00,2.00,NONE,18
F27D5FAAB689,1.00,2.00,NONE,19
3276FF5247AB,1.00,2.00,NONE,20
4A333A23C5D0,1.00,2.00,NONE,21
48BDB417D917,1.00,1.00,NONE,22
CBFFD6EA6552,1.00,2.00,NONE,23
7854354FFC63,1.00,2.00,NONE,24
7CDCD2A3CC30,1.00,2.00,NONE,25
402093B50F07,1.00,1.00,NONE,26
D11B4FDCE6FC,1.00,1.00,NONE,27
395FE2E19FE6,1.00,2.00,NONE,28
446C38A82833,1.00,2.00,NONE,29
153D811E08FB,1.00,1.00,NONE,30
0D61BA602316,1.00,2.00,NONE,31
E5C92545045F,1.00,2.00,NONE,32
CC2F443C5C99,1.00,1.00,NONE,33
3DAA4AA75CB6,1.00,2.00,NONE,34
0C108BF0169F,1.00,2.00,NONE,35
BD5932B3BD71,1.00,2.00,NONE,36
8BF820548DED,1.00,2.00,NONE,37
198BC28F4C79,1.00,2.00,NONE,38
AA4108492775,1.00,2.00,NONE,39
B814C88DED05,1.00,1.00,NONE,40
F1D0A5877494,1.00,1.00,NONE,41
5ADF231C953C,1.00,2.00,NONE,42
7EDBB8F1D71C,1.00,2.00,NONE,43
9478F8191330,1.00,2.00,NONE,44
18CBFA9D3A9F,1.00,2.00,NONE,45
4E013FE63B70,1.00,2.00,NONE,46
6E574745ADFD,1.00,2.00,NONE,47
4EFBB6761292,1.00,2.00,NONE,48
FDA4D0DDDE7F,1.00,2.00,NONE,49
0849A9259271,1.00,1.00,NONE,50
F3A66D61CE56,1.00,1.00,NONE,51
AA7288A8359C,1.00,2.00,NONE,52
F61EF2F86206,1.00,2.00,NONE,53
78DE1881B331,1.00,2.00,NONE,54
9B5005FD8A1B,1.00,1.00,NONE,55
C782923511BF,1.00,2.00,NONE,56
56A440B24863,1.00,2.00,NONE,57
226840CABC14,1.00,2.00,NONE,58
CB23C2947084,1.00,2.00,NONE,59
A4FD384F7256,1.00,1.00,NONE,60
49B485B1DFF6,1.00,2.00,NONE,61
1F5C0DB56347,1.00,2.00,NONE,62
493EFBA51280,1.00,1.00,NONE,63
168F35937296,1.00,1.00,NONE,64
E7436BC28858,1.00,1.00,NONE,65
F43FDFEB98FA,1.00,2.00,NONE,66
6CD0DF673D58,1.00,2.00,NONE,67
592288068D0E,1.00,2.00,NONE,68
3D8DC159614F,1.00,2.00,NONE,69
C3061BF79477,1.00,2.00,NONE,70
C99E2A998253,1.00,2.00,NONE,71
19722F5952DD,1.00,2.00,NONE,72
A3CCABFB4B5C,1.00,2.00,NONE,73
2B3E643FA766,1.00,2.00,NONE,74
DC16EE01489C,1.00,1.00,NONE,75
FC51978DBF62,1.00,2.00,NONE,76
7E12EF45845C,1.00,2.00,NONE,77
E31B8A46282D,1.00,2.00,NONE,78
BDB1E4A411D2,1.00,1.00,NONE,79
CC1C1725F728,1.00,2.00,NONE,80
7CC1CEAE852E,1.00,2.00,NONE,81
9E1BAE3EFE7D,1.00,1.00,NONE,82
21D71B2E128A,1.00,2.00,NONE,83
377BA9A6E418,1.00,1.00,NONE,84
9AB24E51F16A,1.00,2.00,NONE,85
9CE51413C045,1.00,1.00,NONE,86
52CD9A8E44CB,1.00,2.00,NONE,87
1C1ADA4E9E7F,1.00,2.00,NONE,88
99610D179BB1,1.00,2.00,NONE,89
738618B83B57,1.00,2.00,NONE,90
1EFC92B0F8CA,1.00,2.00,NONE,91
FEE71DB64712,1.00,2.00,NONE,92
6578EB41D207,1.00,1.00,NONE,93
959495040897,1.00,1.00,NONE,94
D2CD4A9C4E2C,1.00,1.00,NONE,95
771D0BC4FB5E,1.00,2.00,NONE,96
87CA803A0EA2,1.00,1.00,NONE,97
605AC17D0204,1.00,2.00,NONE,98
A1099A67BA1C,1.00,2.00,NONE,99
D132A9371F5A,1.00,1.00,NONE,100
950C36E7E880,1.00,2.00,NONE,101
00E7C83E7D03,1.00,2.00,NONE,102
DF7E31538559,1.00,2.00,NONE,103
4322895D34FF,1.00,2.00,NONE,104
E955849C4B86,1.00,2.00,NONE,105
240766E80C3D,1.00,2.00,NONE,106
62475ADCE79B,1.00,1.00,NONE,107
FACB636DFE8B,1.00,2.00,NONE,108
48547B1FCFE0,1.00,2.00,NONE,109
2F413E4EE22D,1.00,2.00,NONE,110
7871AA9DD084,1.00,2.00,NONE,111
72E5D0E6DA12,1.00,2.00,NONE,112
F8E503B20A19,1.00,2.00,NONE,113
E99ED75412EA,1.00,1.00,NONE,114
4403A800FA0C,1.00,2.00,NONE,115
EA35CA02E260,1.00,2.00,NONE,116
86E3CAC49AB9,1.00,2.00,NONE,117
74FBBB154C39,1.00,2.00,NONE,118
8CC38609E32B,2.00,2.00,NONE,119
7D39374EC805,2.00,1.00,NONE,120
4C25D2D418EC,2.00,2.00,NONE,121
22AF361EB8BC,2.00,2.00,NONE,122
E2258E4F09CA,2.00,2.00,NONE,123
E64E600928E1,2.00,2.00,NONE,124
98C57B1D2E5C,2.00,2.00,NONE,125
3005C243B257,2.00,2.00,NONE,126
B944854DBA45,2.00,2.00,NONE,127
6A89E12B5DEC,2.00,2.00,NONE,128
12B92F8CBA64,2.00,2.00,NONE,129
7676195ABF74,2.00,2.00,NONE,130
CD1065DD9120,2.00,2.00,NONE,131
7D90E0B4EBDF,2.00,1.00,NONE,132
434FE647F2B5,2.00,2.00,NONE,133
D6B2B541E861,2.00,2.00,NONE,134
CE48DF40E321,2.00,1.00,NONE,135
E6B17B9C62AB,2.00,2.00,NONE,136
D128D6CBA66A,2.00,2.00,NONE,137
45D15C5E203A,2.00,1.00,NONE,138
C01EAFEA58A1,2.00,2.00,NONE,139
680CF5F7AEEF,2.00,2.00,NONE,140
90F347125D27,2.00,1.00,NONE,141
28C179918559,2.00,1.00,NONE,142
03C440C5199C,2.00,1.00,NONE,143
BF0DAF397AD5,2.00,1.00,NONE,144
B03A186B6F6A,2.00,1.00,NONE,145
E7AFE8B0FC13,2.00,1.00,NONE,146
7BB547276B1E,2.00,1.00,NONE,147
8D33C0362397,2.00,1.00,NONE,148
00A29B9734B4,2.00,2.00,NONE,149
B6216E2EADCE,2.00,1.00,NONE,150
315438036B3A,2.00,1.00,NONE,151
F54D045537F4,2.00,2.00,NONE,152
1329C72D8787,2.00,1.00,NONE,153
0409A342D107,2.00,1.00,NONE,154
1AF90CE789E2,2.00,2.00,NONE,155
F3003375BB3D,2.00,2.00,NONE,156
BACB506B8512,2.00,1.00,NONE,157
DEFE4FA15059,2.00,1.00,NONE,158
9EE483033922,2.00,2.00,NONE,159
75FFFC0FB397,2.00,2.00,NONE,160
CED46B7954A8,2.00,2.00,NONE,161
42EAD879A019,2.00,2.00,NONE,162
11773EC36EC1,2.00,2.00,NONE,163
514359F1B74D,2.00,1.00,NONE,164
ECC06C13AD29,2.00,1.00,NONE,165
B0EEAAF4FAEF,2.00,2.00,NONE,166
9DD832A8F1AA,2.00,2.00,NONE,167
C0E6B3F5D132,2.00,1.00,NONE,168
7A26BADAAED8,2.00,2.00,NONE,169
A04586F90A7E,2.00,2.00,NONE,170
EE9D165109EA,2.00,1.00,NONE,171
DA30D2997CD0,2.00,2.00,NONE,172
C3A1689DC962,2.00,2.00,NONE,173
5F73E8A5C12D,2.00,1.00,NONE,174
28017C810D08,2.00,1.00,NONE,175
DAF574DC1DCC,2.00,1.00,NONE,176
15C2005F8BE6,2.00,1.00,NONE,177
1C0C676F6404,2.00,1.00,NONE,178
81EA5AACAE62,2.00,2.00,NONE,179
0161F5927B78,2.00,2.00,NONE,180
0C2C7A7D9F06,2.00,2.00,NONE,181
1065E531486A,2.00,2.00,NONE,182
5EC54A3634C4,2.00,1.00,NONE,183
5C6E4E772A46,2.00,1.00,NONE,184
B0F3DAF53680,2.00,1.00,NONE,185
D63633E80D95,2.00,2.00,NONE,186
51A8CC09F9FF,2.00,2.00,NONE,187
7AC55AD8DB89,2.00,2.00,NONE,188
B3FC85821768,2.00,1.00,NONE,189
1761EAEB10A9,2.00,2.00,NONE,190
5696B5A4EE70,2.00,2.00,NONE,191
C47F958ADF64,2.00,1.00,NONE,192
B3852DFAC7E0,2.00,2.00,NONE,193
67408F770515,2.00,2.00,NONE,194
EAD8E09DFA79,2.00,1.00,NONE,195
D2FBBE842488,2.00,1.00,NONE,196
2DA879154519,2.00,2.00,NONE,197
451048AA3C25,2.00,1.00,NONE,198
C44DAB2103DD,2.00,2.00,NONE,199
D3FB1811A60B,2.00,1.00,NONE,200
ECFFA2F3516B,2.00,2.00,NONE,201
550757E1C0B3,2.00,2.00,NONE,202
FE6802584ED3,2.00,2.00,NONE,203
BF55A2C58A1B,2.00,2.00,NONE,204
76FF6E4F240C,2.00,2.00,NONE,205
FDDB4FCD74E7,2.00,2.00,NONE,206
BB3CCFB22F7B,2.00,1.00,NONE,207
94234B8A48F4,2.00,2.00,NONE,208
20D059A58CAA,2.00,1.00,NONE,209
13BE594AEFDB,2.00,2.00,NONE,210
F09D1FCF3966,2.00,1.00,NONE,211
C8F0B3D5312C,2.00,1.00,NONE,212
7286040E7974,2.00,2.00,NONE,213
FB92FD5CDD33,2.00,2.00,NONE,214
D834CCCC7EAE,2.00,1.00,NONE,215
EBFF21605CC6,2.00,2.00,NONE,216
9ABD506FE024,2.00,2.00,NONE,217
82B43EA3DA70,2.00,2.00,NONE,218
6B156B454D40,2.00,2.00,NONE,219
C1F066AD475D,2.00,2.00,NONE,220
157D23B47BBF,2.00,2.00,NONE,221
078C9D6C7846,2.00,2.00,NONE,222
45C2B209B3B3,2.00,2.00,NONE,223
36FEF26338A0,2.00,1.00,NONE,224
15BAA7386610,2.00,1.00,NONE,225
3BDD8AD15E95,2.00,1.00,NONE,226
F0714931CC06,2.00,2.00,NONE,227
2397396066FF,2.00,2.00,NONE,228
6E62EDEEC905,2.00,2.00,NONE,229
6B188C86D3BB,2.00,2.00,NONE,230
9508878DBECD,2.00,2.00,NONE,231
26663929B9D5,2.00,1.00,NONE,232
5C998F62377E,2.00,1.00,NONE,233
2DF8539DE639,2.00,1.00,NONE,234
723E537F641E,2.00,1.00,NONE,235
760EE84C6AA7,2.00,2.00,NONE,236
36D5545BFA4D,3.00,1.00,NONE,237
FDF6FE283A49,3.00,2.00,NONE,238
419BAB44F9B4,3.00,2.00,NONE,239
5A45CFCB4819,3.00,1.00,NONE,240
F50EFA167C35,3.00,2.00,NONE,241
6FD841149FEC,3.00,1.00,NONE,242
21D6F8F21AA2,3.00,1.00,NONE,243
338D452B1F05,3.00,2.00,NONE,244
22DD464BA2AB,3.00,1.00,NONE,245
8F0644B7C78E,3.00,2.00,NONE,246
EDE430AD39D6,3.00,1.00,NONE,247
9825D0BC400A,3.00,1.00,NONE,248
61A8766708E7,3.00,2.00,NONE,249
29D5420C7B8E,3.00,2.00,NONE,250
22568EDE52C4,3.00,1.00,NONE,251
C742FB8EA4AB,3.00,1.00,NONE,252
15105D5AE66F,3.00,1.00,NONE,253
FDFB401FB111,3.00,2.00,NONE,254
77AF04C9984F,3.00,2.00,NONE,255
A49C2A63E851,3.00,2.00,NONE,256
FAB8D651298F,3.00,1.00,NONE,257
E38759EE6B1A,3.00,1.00,NONE,258
F83EBC9F4C13,3.00,1.00,NONE,259
95FE8B6700A3,3.00,1.00,NONE,260
A7522D288698,3.00,1.00,NONE,261
B11DB932EAF4,3.00,2.00,NONE,262
EF10567A6D03,3.00,1.00,NONE,263
5735592E2F04,3.00,2.00,NONE,264
00286B0CC7E8,3.00,2.00,NONE,265
B5A0C46A7724,3.00,1.00,NONE,266
9E9A6347A464,3.00,2.00,NONE,267
6F91658B6649,3.00,2.00,NONE,268
9C50571B35D7,3.00,1.00,NONE,269
7949C5218FD5,3.00,2.00,NONE,270
E0B7E82AB286,3.00,2.00,NONE,271
A5A44CFE114D,3.00,2.00,NONE,272
76BB9D890DD5,3.00,2.00,NONE,273
F407302B4506,3.00,2.00,NONE,274
C8744326ED44,3.00,2.00,NONE,275
8436CBC3C15C,3.00,2.00,NONE,276
66F1CCAB0182,3.00,2.00,NONE,277
9E51BE31D56D,3.00,1.00,NONE,278
2A238AE66A67,3.00,2.00,NONE,279
BA41D2DBD884,3.00,2.00,NONE,280
1AB55D32677B,3.00,2.00,NONE,281
DAADC4661AC4,3.00,2.00,NONE,282
4A660B4E1D12,3.00,2.00,NONE,283
DE272CCB97E4,3.00,1.00,NONE,284
CA030BFFD583,3.00,2.00,NONE,285
F9B0DC5C7DF1,3.00,2.00,NONE,286
5C4D3C4A8FAF,3.00,2.00,NONE,287
CC3F9DA412EB,3.00,2.00,NONE,288
FCF3BECE85DB,3.00,2.00,NONE,289
73DB180358CD,3.00,2.00,NONE,290
FB2C3926D4EF,3.00,2.00,NONE,291
4F1D3DD077AD,3.00,2.00,NONE,292
C91925B8883D,3.00,1.00,NONE,293
C8D9B82062BF,3.00,1.00,NONE,294
22E7A1158638,3.00,2.00,NONE,295
6E39B11464EC,3.00,2.00,NONE,296
71056FB2AD17,3.00,2.00,NONE,297
1272940F8AEF,3.00,2.00,NONE,298
5DF8FAAFB299,3.00,2.00,NONE,299
EA1892100CDF,3.00,2.00,NONE,300
EF35905E7B1F,3.00,2.00,NONE,301
79C116F98641,3.00,2.00,NONE,302
922109685F29,3.00,1.00,NONE,303
05A1EBB67463,3.00,1.00,NONE,304
6FFE4CE605E7,3.00,2.00,NONE,305
619F8FAA4668,3.00,2.00,NONE,306
4A92F11EF803,3.00,1.00,NONE,307
9F4D737752D8,3.00,1.00,NONE,308
6FC0071A7924,3.00,1.00,NONE,309
CFA5E0229773,3.00,2.00,NONE,310
BC3151E8C08B,3.00,2.00,NONE,311
0122E35F1919,3.00,2.00,NONE,312
FCD19E14F00F,3.00,1.00,NONE,313
2E3EA6868028,3.00,2.00,NONE,314
411FA5DF14A0,3.00,1.00,NONE,315
1B88E8DF360F,3.00,1.00,NONE,316
1E4760172997,3.00,1.00,NONE,317
8F98FAED8372,3.00,2.00,NONE,318
ACCB4E96A23C,3.00,2.00,NONE,319
4739DDD476DC,3.00,2.00,NONE,320
5D962802996C,3.00,1.00,NONE,321
5E330507B99D,3.00,1.00,NONE,322
394A549666A0,3.00,2.00,NONE,323
7F5A13CFBDA0,3.00,1.00,NONE,324
F995C3B84455,3.00,2.00,NONE,325
589C6B138C1A,3.00,2.00,NONE,326
32B495DE2EE2,3.00,1.00,NONE,327
9B1A3F4C18BD,3.00,2.00,NONE,328
75098DACE4FD,3.00,1.00,NONE,329
515A86600BEB,3.00,2.00,NONE,330
694905FF027C,3.00,2.00,NONE,331
7835B3AF6B18,3.00,1.00,NONE,332
0E5CF28C44E4,3.00,2.00,NONE,333
67986BFFBF51,3.00,2.00,NONE,334
0EF3C5297A89,3.00,2.00,NONE,335
CCFC6B4B6798,3.00,1.00,NONE,336
165285871EF4,3.00,2.00,NONE,337
A9CCF5316DB5,3.00,1.00,NONE,338
F5BF6241319E,3.00,1.00,NONE,339
AB0D7FB833BB,3.00,1.00,NONE,340
145B74D5CDD6,3.00,2.00,NONE,341
8A8F66A1F44A,3.00,2.00,NONE,342
CB25069087C9,3.00,2.00,NONE,343
BD27CE6F9E0E,3.00,2.00,NONE,344
C81E93B1C0AC,3.00,2.00,NONE,345
48308204DEAB,3.00,2.00,NONE,346
8D0AD0B0F306,3.00,2.00,NONE,347
E93F19AAA1E1,3.00,2.00,NONE,348
39719261D1BF,3.00,2.00,NONE,349
20C92DB730F1,3.00,1.00,NONE,350
459116B06019,3.00,2.00,NONE,351
7811A6F2B2B7,3.00,2.00,NONE,352
E73A11C8FA77,3.00,1.00,NONE,353
CB6391C19F30,3.00,1.00,NONE,354
D40F05782253,3.00,2.00,NONE,355
AA8CD3D4EF3A,3.00,2.00,NONE,356
D38F05E656BA,3.00,2.00,NONE,357
9555F6ACDE13,3.00,2.00,NONE,358
5E8E25E0E08D,3.00,2.00,NONE,359
0D2E9EB0A950,3.00,1.00,NONE,360
0A4DFCB22E3E,3.00,2.00,NONE,361
06F57C0CE294,3.00,2.00,NONE,362
267964940168,3.00,1.00,NONE,363
C4EE54CE9551,3.00,2.00,NONE,364
B40031E14282,3.00,1.00,NONE,365
972D3C8707CB,3.00,1.00,NONE,366
F62CEF9005D6,3.00,1.00,NONE,367
9DDCF587CCEB,3.00,1.00,NONE,368
27F80CDA66D5,3.00,2.00,NONE,369
A2C38CA3E744,3.00,2.00,NONE,370
81767BB9205A,3.00,1.00,NONE,371
D80CEC6DAF4C,3.00,2.00,NONE,372
94975EB1D5FF,3.00,1.00,NONE,373
FD9405EDC3A4,3.00,2.00,NONE,374
2F36BFFD67B4,3.00,1.00,NONE,375
40AC24919374,3.00,2.00,NONE,376
43E44C1EBD17,3.00,1.00,NONE,377
2628B6C73823,3.00,1.00,NONE,378
211BCA3E5FEE,3.00,2.00,NONE,379
9DBF6C7E95C5,3.00,2.00,NONE,380
736B4EA905FB,3.00,2.00,NONE,381
A68B565F7563,3.00,2.00,NONE,382
4AE08C879D70,3.00,2.00,NONE,383
C0FFC751B751,3.00,1.00,NONE,384
C9D5EA88E5F8,3.00,2.00,NONE,385
DB0C9DBC1132,4.00,2.00,NONE,386
E4D12A1EC897,4.00,2.00,NONE,387
141E27304EDF,4.00,2.00,NONE,388
920E90292BFF,4.00,1.00,NONE,389
DCBC3F1A9843,4.00,2.00,NONE,390
AC24B8F7F056,4.00,2.00,NONE,391
8618601C8824,4.00,1.00,NONE,392
3369487B6030,4.00,1.00,NONE,393
D3A656E62F7B,4.00,1.00,NONE,394
6D3F608FE710,4.00,1.00,NONE,395
63188317312F,4.00,1.00,NONE,396
7497EC3330F0,4.00,1.00,NONE,397
395856098203,4.00,1.00,NONE,398
885AFA4179F4,4.00,2.00,NONE,399
E18AB12AB162,4.00,2.00,NONE,400
3B399EA04CF2,4.00,1.00,NONE,401
2387ECDB2D21,4.00,2.00,NONE,402
8790EA6B8CDE,4.00,2.00,NONE,403
172F932A5471,4.00,2.00,NONE,404
9495216FD8AA,4.00,1.00,NONE,405
308CB08FF368,4.00,1.00,NONE,406
A2FFFCBD3D99,4.00,2.00,NONE,407
C109B259FCA1,4.00,2.00,NONE,408
92CF2A874655,4.00,2.00,NONE,409
D3B75D5A27F7,4.00,2.00,NONE,410
FF22577E45D8,4.00,2.00,NONE,411
975C897407C7,4.00,1.00,NONE,412
6EE914FC1236,4.00,2.00,NONE,413
70318659DA49,4.00,2.00,NONE,414
A72A4B827F1F,4.00,2.00,NONE,415
951579EA153B,4.00,2.00,NONE,416
5E84F1380970,4.00,2.00,NONE,417
B10E0949211E,4.00,1.00,NONE,418
47391A9A8ACD,4.00,2.00,NONE,419
23498828DBAD,4.00,1.00,NONE,420
AE79A2647B1A,4.00,2.00,NONE,421
5BFE009AF2B7,4.00,1.00,NONE,422
1419793DEED9,4.00,2.00,NONE,423
61C8C5733BB5,4.00,1.00,NONE,424
845B9B607D99,4.00,2.00,NONE,425
57C7975F7905,4.00,2.00,NONE,426
B8E247196BF6,4.00,1.00,NONE,427
58F192B5E015,4.00,1.00,NONE,428
7AA894032868,4.00,1.00,NONE,429
6C4962F3F175,4.00,1.00,NONE,430
DAFE21A78436,4.00,2.00,NONE,431
89F1B077BA34,4.00,2.00,NONE,432
8C95992C1D85,4.00,2.00,NONE,433
B4252DADA10F,4.00,2.00,NONE,434
85D341012F75,4.00,2.00,NONE,435
35587BE80172,4.00,2.00,NONE,436
685E2F3C546D,4.00,1.00,NONE,437
FBAC0A9BF036,4.00,2.00,NONE,438
27C73E600CC0,4.00,1.00,NONE,439
E513901FA3C6,4.00,1.00,NONE,440
17106B3281C1,4.00,1.00,NONE,441
975B6F95D4AE,4.00,2.00,NONE,442
4058B111F4FF,4.00,2.00,NONE,443
8E407B81CF7E,4.00,2.00,NONE,444
8B0D05E5DFAB,4.00,1.00,NONE,445
39FA45B7DC20,4.00,2.00,NONE,446
1130955A6644,4.00,1.00,NONE,447
AA7E547E96F1,4.00,2.00,NONE,448
C1FE5D19F013,4.00,2.00,NONE,449
3D4C08D7EE27,4.00,2.00,NONE,450
14767BD4E13A,4.00,2.00,NONE,451
56814287F614,4.00,2.00,NONE,452
1AD236703C0A,4.00,1.00,NONE,453
9DF2F5473FA8,4.00,1.00,NONE,454
E9442F4653E3,4.00,2.00,NONE,455
1526707671A1,4.00,2.00,NONE,456
D04CD3B2E453,4.00,1.00,NONE,457
91B34C69D0A6,4.00,2.00,NONE,458
87F1C2D9475D,4.00,2.00,NONE,459
6C0FC39AFD0F,4.00,2.00,NONE,460
B0F071BE0C1D,4.00,2.00,NONE,461
2C2CADABA5B9,4.00,2.00,NONE,462
F9BB6DFB6871,4.00,1.00,NONE,463
45FE852B31C8,4.00,1.00,NONE,464
5DA75D60A08F,4.00,2.00,NONE,465
746053366BAE,4.00,1.00,NONE,466
F2A04EFE2C04,4.00,2.00,NONE,467
3806A01744EC,4.00,2.00,NONE,468
B9BA665B319A,4.00,2.00,NONE,469
9A1460731552,4.00,2.00,NONE,470
7B093209362E,4.00,2.00,NONE,471
5189D8C1F336,4.00,2.00,NONE,472
677C00429B6D,4.00,2.00,NONE,473
D4FFA9CDD071,4.00,2.00,NONE,474
CD06AE4F3639,4.00,2.00,NONE,475
2096CE6C860C,4.00,1.00,NONE,476
5E9849FC981D,4.00,1.00,NONE,477
398EDC8D7360,4.00,1.00,NONE,478
62AC5143150B,4.00,2.00,NONE,479
6CE52C7A48DE,4.00,2.00,NONE,480
E336763331F2,4.00,2.00,NONE,481
7D40083BCBC1,4.00,1.00,NONE,482
42F0AA2F9D91,4.00,2.00,NONE,483
45066AC412F5,4.00,2.00,NONE,484
621B0AA39775,4.00,1.00,NONE,485
E0C4F7D14B55,4.00,2.00,NONE,486
BFAC1D129ED3,4.00,2.00,NONE,487
BA9D19F0E1C1,4.00,2.00,NONE,488
75B650A5FA2E,4.00,2.00,NONE,489
35F14201AF59,4.00,2.00,NONE,490
278DEF78BEC1,4.00,1.00,NONE,491
0DED9F9A8E71,4.00,2.00,NONE,492
C3D918FD62E0,4.00,1.00,NONE,493
4CC92A9ECFD3,4.00,1.00,NONE,494
C29BC720D6C6,4.00,2.00,NONE,495
6470DBE6EB35,4.00,1.00,NONE,496
305E9F1AA67D,4.00,1.00,NONE,497
934D314D8F45,4.00,2.00,NONE,498
DB9A0DC0BED4,4.00,2.00,NONE,499
B8C8AA0F6A72,4.00,2.00,NONE,500
2F0C6D6AA452,4.00,1.00,NONE,501
6481B5D6B762,4.00,2.00,NONE,502
B22935154156,4.00,1.00,NONE,503
1AA86235A6D3,4.00,2.00,NONE,504
8539A389EC5D,4.00,2.00,NONE,505
F9E063FA0533,4.00,2.00,NONE,506
C13AC580A790,4.00,2.00,NONE,507
42FB56EC8C78,4.00,2.00,NONE,508
224EB4ACD536,4.00,2.00,NONE,509
888DAF19A48E,4.00,2.00,NONE,510
2FDB4F923A22,4.00,1.00,NONE,511
D297CAC662B1,4.00,2.00,NONE,512
90110B2C38E6,4.00,1.00,NONE,513
7F0F1226035E,4.00,2.00,NONE,514
8A952A2D7D1A,4.00,2.00,NONE,515
7843A89BA2D0,4.00,1.00,NONE,516
7547755F36C2,5.00,2.00,NONE,517
B77EDAA37689,5.00,2.00,NONE,518
7C711505EC7E,5.00,1.00,NONE,519
270901840C45,5.00,2.00,NONE,520
ED0E37CE9935,5.00,2.00,NONE,521
FC37FD84A71D,5.00,1.00,NONE,522
358CEF526D9E,5.00,1.00,NONE,523
788605FA78E3,5.00,2.00,NONE,524
18E9521269A3,5.00,1.00,NONE,525
6442CBCC4037,5.00,2.00,NONE,526
4A5D8A4FD2B4,5.00,2.00,NONE,527
5189121EA9A3,5.00,1.00,NONE,528
033D1D1734FE,5.00,1.00,NONE,529
5E2828C74273,5.00,2.00,NONE,530
E9A4A3D1A455,5.00,1.00,NONE,531
D271E08199D1,5.00,1.00,NONE,532
0ED9E08A488F,5.00,2.00,NONE,533
F817F2CC6CD9,5.00,2.00,NONE,534
2A3EFCBB1621,5.00,2.00,NONE,535
5336CCAB317E,5.00,2.00,NONE,536
4A1ABE7D39C9,5.00,2.00,NONE,537
C956E9858E3E,5.00,2.00,NONE,538
64A37879240B,5.00,2.00,NONE,539
CC2F6B0D91F4,5.00,2.00,NONE,540
F9994998CC67,5.00,2.00,NONE,541
A94491B61F15,5.00,2.00,NONE,542
86E579B6A0FB,5.00,1.00,NONE,543
1A9B276FB346,5.00,2.00,NONE,544
4FE1456322D6,5.00,2.00,NONE,545
2E7E5693DF2B,5.00,2.00,NONE,546
16B945B4F6A3,5.00,2.00,NONE,547
14B7CC4AEB5B,5.00,2.00,NONE,548
C27A73C1E958,5.00,1.00,NONE,549
40556FA30792,5.00,2.00,NONE,550
FEF58C35727E,5.00,1.00,NONE,551
A599129D0F26,5.00,1.00,NONE,552
56747CA55ADC,5.00,2.00,NONE,553
1032999DACF8,5.00,2.00,NONE,554
3720461F4483,5.00,1.00,NONE,555
A37DB832B74A,5.00,2.00,NONE,556
51D6F3E69095,5.00,2.00,NONE,557
619D49540715,5.00,1.00,NONE,558
4221B685538D,5.00,1.00,NONE,559
707E7440EA76,5.00,1.00,NONE,560
C995E6225DB5,5.00,1.00,NONE,561
320181ACE77A,5.00,2.00,NONE,562
60D2154DAB86,5.00,2.00,NONE,563
2885445CF71F,5.00,2.00,NONE,564
932F0D2360F8,5.00,2.00,NONE,565
5C43B9A2C33B,5.00,2.00,NONE,566
2CA5D66C2B57,5.00,2.00,NONE,567
D5340932D27E,5.00,2.00,NONE,568
54750234029D,5.00,2.00,NONE,569
92CFA0704F8C,5.00,2.00,NONE,570
94D4574C3B0D,5.00,2.00,NONE,571
FCF0690076CC,5.00,2.00,NONE,572
80EB2329985A,5.00,2.00,NONE,573
A9A1C46CCD43,5.00,2.00,NONE,574
E0648B7ECCC1,5.00,2.00,NONE,575
18F422B236A7,5.00,1.00,NONE,576
A5FB48C78B4B,5.00,2.00,NONE,577
F368AD373F48,5.00,1.00,NONE,578
ADEA1A9BDA25,5.00,2.00,NONE,579
A10DAD7189E6,5.00,2.00,NONE,580
B86511A16115,5.00,1.00,NONE,581
C5B96B45072B,5.00,1.00,NONE,582
97DA59B1F1C8,5.00,2.00,NONE,583
B7B4ACCB8AFF,5.00,2.00,NONE,584
37519D30A333,5.00,2.00,NONE,585
FABB79BBEF58,5.00,1.00,NONE,586
DD07CD125535,5.00,2.00,NONE,587
321E963F5D2A,5.00,2.00,NONE,588
50FF5F86E68D,5.00,1.00,NONE,589
C89576B45391,5.00,1.00,NONE,590
6D564E40A439,5.00,2.00,NONE,591
A02902536932,5.00,1.00,NONE,592
5DFC51D3BB3C,5.00,2.00,NONE,593
1036AB4B89A5,5.00,2.00,NONE,594
F21905D7B85A,5.00,2.00,NONE,595
6129D3AA7E7F,5.00,2.00,NONE,596
BAC092D4164D,5.00,2.00,NONE,597
19D32C291DDF,5.00,1.00,NONE,598
B79537E22F9F,5.00,1.00,NONE,599
511F8AF7443A,6.00,2.00,NONE,600
CDD5C84A6CFC,6.00,2.00,NONE,601
A0E856172798,6.00,2.00,NONE,602
C2719A2BC6E0,6.00,1.00,NONE,603
921550861CAA,6.00,1.00,NONE,604
6806D8C56948,6.00,2.00,NONE,605
C184023552D8,6.00,1.00,NONE,606
24CF63F300D2,6.00,1.00,NONE,607
9E11F1395DE2,6.00,1.00,NONE,608
B55DE8FD219E,6.00,2.00,NONE,609
850118A768B7,6.00,2.00,NONE,610
00A86A3C467B,6.00,1.00,NONE,611
8BC7D3CA2209,6.00,1.00,NONE,612
0A715CA3393F,6.00,1.00,NONE,613
83D31445FEF4,6.00,1.00,NONE,614
89F994C48FD1,6.00,2.00,NONE,615
BEEF12C482D0,6.00,2.00,NONE,616
2A8732C4F5C2,6.00,1.00,NONE,617
1FE8E2345AEC,6.00,1.00,NONE,618
F4835D2A718B,6.00,2.00,NONE,619
74512218FBE9,6.00,2.00,NONE,620
CB0BA8AFDD70,6.00,1.00,NONE,621
D34FAAA5668C,6.00,2.00,NONE,622
382B60906C52,6.00,2.00,NONE,623
E1E4E56C0276,6.00,1.00,NONE,624
C23B5A073A81,6.00,1.00,NONE,625
6D90AC5C0251,6.00,2.00,NONE,626
035827F94A61,6.00,1.00,NONE,627
F73D7D73A788,6.00,2.00,NONE,628
535324A831C9,6.00,2.00,NONE,629
E977EE1D149C,6.00,2.00,NONE,630
77E4A818DBC7,6.00,1.00,NONE,631
6078960BD537,6.00,1.00,NONE,632
743680BE1054,6.00,2.00,NONE,633
CD8FB8898D24,6.00,2.00,NONE,634
772F18D7EF4A,6.00,2.00,NONE,635
E6685CBEABBA,6.00,2.00,NONE,636
3DDC3A3C0417,6.00,1.00,NONE,637
A21613612F0D,6.00,2.00,NONE,638
70FF58B9C7DD,6.00,2.00,NONE,639
CE3C4FE15187,6.00,2.00,NONE,640
79409BE1102D,6.00,1.00,NONE,641
99658306486E,6.00,1.00,NONE,642
4473581D28E3,6.00,2.00,NONE,643
352996286170,6.00,1.00,NONE,644
157A83960377,6.00,2.00,NONE,645
832D9942C6B8,6.00,1.00,NONE,646
F0E46D5B7AF1,1.00,2.00,COMPLETED,647
DA5D0EE8390E,1.00,2.00,COMPLETED,648
7586562AAF7E,1.00,2.00,COMPLETED,649
03E9B1593CBA,1.00,2.00,COMPLETED,650
B92F5B2EFB11,1.00,2.00,COMPLETED,651
344AA8D3FA25,1.00,2.00,COMPLETED,652
993F208CAFA0,1.00,2.00,COMPLETED,653
0445FC9B4632,1.00,1.00,COMPLETED,654
6AB2F507F1B1,1.00,2.00,COMPLETED,655
56B21BB78916,1.00,2.00,COMPLETED,656
E9C5A0CE239F,1.00,2.00,COMPLETED,657
48DAABACAE14,1.00,2.00,COMPLETED,658
8238B886DBAC,1.00,1.00,COMPLETED,659
4268FC1BBF04,1.00,1.00,COMPLETED,660
F0D469E44A0F,1.00,2.00,COMPLETED,661
81F77091A590,1.00,2.00,COMPLETED,662
0A2F3D1EAC79,1.00,2.00,COMPLETED,663
8438496CD8B9,1.00,1.00,COMPLETED,664
64EDA4262789,1.00,2.00,COMPLETED,665
9C6A00155CAC,1.00,2.00,COMPLETED,666
2E217CBBFD14,1.00,2.00,COMPLETED,667
84AD2EBE3EB3,1.00,2.00,COMPLETED,668
37808CD38737,1.00,2.00,COMPLETED,669
F7CFBA05F4A7,1.00,1.00,COMPLETED,670
4B059F14F68D,1.00,1.00,COMPLETED,671
784EF86B34E7,1.00,2.00,COMPLETED,672
5AF08359EDB6,1.00,2.00,COMPLETED,673
A5BFA723B10C,1.00,1.00,COMPLETED,674
D856824B08C5,1.00,2.00,COMPLETED,675
933F864098BB,1.00,2.00,COMPLETED,676
6670670DE4A0,1.00,1.00,COMPLETED,677
274622CB9E2B,1.00,2.00,COMPLETED,678
BFF287E77E33,1.00,1.00,COMPLETED,679
24B89DBFFA60,1.00,2.00,COMPLETED,680
CBDFAF9B7616,1.00,2.00,COMPLETED,681
CBF82FFD35DE,1.00,1.00,COMPLETED,682
87F427094745,1.00,1.00,COMPLETED,683
432269DF3FF6,1.00,2.00,COMPLETED,684
334CD50F9DEB,1.00,1.00,COMPLETED,685
71C6C7E89DB8,1.00,2.00,COMPLETED,686
F707B7C6FBC0,1.00,2.00,COMPLETED,687
029F2F46E208,1.00,2.00,COMPLETED,688
60B7C15BF23C,1.00,2.00,COMPLETED,689
E26EB2269D25,1.00,1.00,COMPLETED,690
82940E318886,1.00,2.00,COMPLETED,691
0E13F6C2C762,1.00,1.00,COMPLETED,692
E982335D6BCA,1.00,1.00,COMPLETED,693
B56E329AAA43,1.00,1.00,COMPLETED,694
8F6780D2A492,1.00,1.00,COMPLETED,695
2D41B37D0255,1.00,2.00,COMPLETED,696
4FEF1470383C,1.00,2.00,COMPLETED,697
E5A602A9BE24,1.00,2.00,COMPLETED,698
D9FCACCA0258,1.00,2.00,COMPLETED,699
35A31E2FB72F,1.00,2.00,COMPLETED,700
BA0433D8A643,1.00,2.00,COMPLETED,701
F5221FAF3D22,1.00,1.00,COMPLETED,702
35AF11AEA790,1.00,2.00,COMPLETED,703
930AAA9B8074,1.00,2.00,COMPLETED,704
C3CD4332FA2E,1.00,2.00,COMPLETED,705
54200F61AF70,1.00,1.00,COMPLETED,706
E235C07F2441,1.00,1.00,COMPLETED,707
F2D1D7DBD65F,1.00,2.00,COMPLETED,708
A94B66617C21,1.00,2.00,COMPLETED,709
EA94E2C3709E,2.00,2.00,COMPLETED,710
2071184615A3,2.00,1.00,COMPLETED,711
0304022FC741,2.00,2.00,COMPLETED,712
B374656E7427,2.00,2.00,COMPLETED,713
544662C2A4EE,2.00,1.00,COMPLETED,714
8AEB22EA9D82,2.00,2.00,COMPLETED,715
36F499DE4744,2.00,1.00,COMPLETED,716
07A1A2FDE3EC,2.00,2.00,COMPLETED,717
CD62C0037B30,2.00,1.00,COMPLETED,718
1BD6E6A550A1,2.00,1.00,COMPLETED,719
B340B10A3EA0,2.00,1.00,COMPLETED,720
ACE9A55708FE,2.00,2.00,COMPLETED,721
332285B6EBDC,2.00,2.00,COMPLETED,722
E8450AABFAE0,2.00,1.00,COMPLETED,723
1C6E72EE226E,2.00,2.00,COMPLETED,724
E243123D40A3,2.00,2.00,COMPLETED,725
A6F110D43D3E,2.00,2.00,COMPLETED,726
0B184DE679DF,2.00,2.00,COMPLETED,727
B68618EBE61A,2.00,2.00,COMPLETED,728
EA4D0B05736A,2.00,1.00,COMPLETED,729
DA4A1D845E53,2.00,2.00,COMPLETED,730
84A35900FBAB,2.00,1.00,COMPLETED,731
4F8E13C5777B,2.00,2.00,COMPLETED,732
91171C440411,2.00,1.00,COMPLETED,733
9C340292AC83,2.00,2.00,COMPLETED,734
EA97055B693D,2.00,1.00,COMPLETED,735
164394D24A13,2.00,1.00,COMPLETED,736
6165661F1FD3,2.00,2.00,COMPLETED,737
869A0ACEB1DE,2.00,2.00,COMPLETED,738
41D102A9B781,2.00,1.00,COMPLETED,739
49BA5F7B8BCA,2.00,1.00,COMPLETED,740
3C533912A0FA,2.00,2.00,COMPLETED,741
B9D6C7F5FF5A,2.00,2.00,COMPLETED,742
BDE86DC495C6,2.00,1.00,COMPLETED,743
C19CF10E0311,2.00,1.00,COMPLETED,744
BBA2B77408F2,2.00,1.00,COMPLETED,745
3DBCE4CA0A9C,2.00,2.00,COMPLETED,746
28AC86821ED4,2.00,2.00,COMPLETED,747
D0ADAEEBDA9F,2.00,2.00,COMPLETED,748
03CCCA86CF64,2.00,2.00,COMPLETED,749
8A4C29C07972,2.00,2.00,COMPLETED,750
44D1D8189B94,2.00,2.00,COMPLETED,751
09583E86500A,2.00,2.00,COMPLETED,752
47FBC06F7B7E,2.00,2.00,COMPLETED,753
1A41D5CC16B9,2.00,1.00,COMPLETED,754
501A0C75823D,2.00,2.00,COMPLETED,755
D489D7FD445B,2.00,2.00,COMPLETED,756
484AE33D75C2,2.00,2.00,COMPLETED,757
762DE13EC60E,2.00,2.00,COMPLETED,758
ABD6FC557089,2.00,2.00,COMPLETED,759
B085E265E830,2.00,2.00,COMPLETED,760
1F51FFB81525,2.00,1.00,COMPLETED,761
0627DDC78F2B,2.00,2.00,COMPLETED,762
EB60210EBD43,2.00,2.00,COMPLETED,763
226866F9C863,2.00,2.00,COMPLETED,764
325C2D277D3F,2.00,1.00,COMPLETED,765
B42989CE5DB9,2.00,2.00,COMPLETED,766
BCAD2AF6F5E7,2.00,1.00,COMPLETED,767
FDC96A87583F,2.00,1.00,COMPLETED,768
0E53E811B61E,2.00,1.00,COMPLETED,769
0059A6F2ADF5,2.00,2.00,COMPLETED,770
3CC1A93E1853,2.00,2.00,COMPLETED,771
339F9AA99514,2.00,2.00,COMPLETED,772
563ADEA2D777,2.00,2.00,COMPLETED,773
5E739E6D8A2E,2.00,2.00,COMPLETED,774
E898000312DC,2.00,2.00,COMPLETED,775
BE87DF6C173F,2.00,1.00,COMPLETED,776
0CAC5F6B3996,2.00,2.00,COMPLETED,777
FF22679D9BC8,3.00,2.00,COMPLETED,778
9EF30BB08016,3.00,1.00,COMPLETED,779
62CB56474A7A,3.00,1.00,COMPLETED,780
75B5503ACB0F,3.00,1.00,COMPLETED,781
D2FFDDE96F7B,3.00,1.00,COMPLETED,782
4D766AFEF073,3.00,1.00,COMPLETED,783
0B34820D8833,3.00,2.00,COMPLETED,784
F4B18EB4652C,3.00,2.00,COMPLETED,785
3BFA1D44412E,3.00,1.00,COMPLETED,786
1F1950AD9E3C,3.00,2.00,COMPLETED,787
4A4F86CD223A,3.00,2.00,COMPLETED,788
A09DB2B3F507,3.00,2.00,COMPLETED,789
E958CBC5FFF7,3.00,1.00,COMPLETED,790
EDC3ED6DC9A6,3.00,2.00,COMPLETED,791
C46132201669,3.00,1.00,COMPLETED,792
C123348C8D52,3.00,2.00,COMPLETED,793
D370FD74A8D1,3.00,2.00,COMPLETED,794
964AAAB6B273,3.00,2.00,COMPLETED,795
7AF8D2A3201F,3.00,2.00,COMPLETED,796
51EE8B706538,3.00,2.00,COMPLETED,797
8A94506388C0,3.00,1.00,COMPLETED,798
B3FC3CAE4EA9,3.00,2.00,COMPLETED,799
DBF6650049AE,3.00,1.00,COMPLETED,800
16649925C023,3.00,2.00,COMPLETED,801
F14C07566C13,3.00,2.00,COMPLETED,802
7A89D7197A23,3.00,2.00,COMPLETED,803
1243543B5EFD,3.00,2.00,COMPLETED,804
A62CF1A934EB,3.00,1.00,COMPLETED,805
96330EDCA9EC,3.00,2.00,COMPLETED,806
ABAD74B3A465,3.00,2.00,COMPLETED,807
8EEC776A43D9,3.00,1.00,COMPLETED,808
3FDAB6F305D8,3.00,1.00,COMPLETED,809
23EC1BD20ABE,3.00,2.00,COMPLETED,810
41A28855086B,3.00,2.00,COMPLETED,811
5A61416FBF21,3.00,2.00,COMPLETED,812
3049A95E9F66,3.00,2.00,COMPLETED,813
30B694BB28A7,3.00,2.00,COMPLETED,814
AABDA9BE3390,3.00,2.00,COMPLETED,815
FD0C41A0A1D0,3.00,2.00,COMPLETED,816
2EACDC900E12,3.00,2.00,COMPLETED,817
254077DBC4D5,3.00,1.00,COMPLETED,818
CF98716BC4C6,3.00,2.00,COMPLETED,819
25EDF5FE7661,3.00,1.00,COMPLETED,820
C138FF071BC1,3.00,2.00,COMPLETED,821
52C681C4BB58,3.00,2.00,COMPLETED,822
DE33DEC4FDCD,3.00,2.00,COMPLETED,823
E7A6F35016F2,3.00,2.00,COMPLETED,824
8DD3D758A61A,3.00,1.00,COMPLETED,825
3EEA16DB60B1,3.00,1.00,COMPLETED,826
61713BB4AFCE,3.00,2.00,COMPLETED,827
A93879718E9D,3.00,2.00,COMPLETED,828
DCF9EF4295F6,3.00,2.00,COMPLETED,829
F584055FF5BB,3.00,1.00,COMPLETED,830
850F8A790B75,3.00,2.00,COMPLETED,831
CD9944E34A1B,3.00,2.00,COMPLETED,832
1A0A099A44C9,3.00,2.00,COMPLETED,833
782682A38E93,3.00,2.00,COMPLETED,834
6ABE33B6BD9E,3.00,1.00,COMPLETED,835
9AC3A9DEE300,3.00,2.00,COMPLETED,836
2BB66599B20D,3.00,2.00,COMPLETED,837
74B8C805F3D9,3.00,2.00,COMPLETED,838
94C322D12EAA,3.00,2.00,COMPLETED,839
D0B0F313C535,3.00,2.00,COMPLETED,840
3767E44F3D48,3.00,2.00,COMPLETED,841
BB7035BF4ADA,3.00,2.00,COMPLETED,842
033172297292,3.00,2.00,COMPLETED,843
1A13D6CCAE8E,3.00,1.00,COMPLETED,844
5450C151A48E,3.00,2.00,COMPLETED,845
FE3AA8261DD9,3.00,2.00,COMPLETED,846
3C28706699FF,3.00,2.00,COMPLETED,847
17DEC51E5DFC,3.00,2.00,COMPLETED,848
A3CDEB58BAA6,3.00,2.00,COMPLETED,849
8FA43DD771B2,3.00,2.00,COMPLETED,850
AB4746B271B3,3.00,1.00,COMPLETED,851
EF5CF3F7F42E,3.00,2.00,COMPLETED,852
6609C7960EAA,3.00,1.00,COMPLETED,853
5E47FD12696B,3.00,2.00,COMPLETED,854
3D9017734B99,3.00,2.00,COMPLETED,855
4948C2745C80,3.00,2.00,COMPLETED,856
A3A5558121AA,3.00,2.00,COMPLETED,857
B9908308D2A4,3.00,1.00,COMPLETED,858
B875D6F4F4B3,3.00,2.00,COMPLETED,859
52A74FEAFA2B,3.00,2.00,COMPLETED,860
1898EAD6447B,3.00,2.00,COMPLETED,861
6794DCBE9181,3.00,2.00,COMPLETED,862
F70C456BED4E,3.00,2.00,COMPLETED,863
92F0728236CC,3.00,2.00,COMPLETED,864
5F8BCBBE8780,4.00,2.00,COMPLETED,865
5588DD6C0456,4.00,2.00,COMPLETED,866
2ED3BCFBF98E,4.00,2.00,COMPLETED,867
001F77FB52EB,4.00,1.00,COMPLETED,868
0B93C820D727,4.00,2.00,COMPLETED,869
31590F7B7763,4.00,1.00,COMPLETED,870
B15BD476EEBC,4.00,1.00,COMPLETED,871
5A1249CDF04E,4.00,2.00,COMPLETED,872
0B7376C9C407,4.00,1.00,COMPLETED,873
57789A1110EB,4.00,2.00,COMPLETED,874
F62BA0EBE1F4,4.00,2.00,COMPLETED,875
1AAE34AE28EB,4.00,2.00,COMPLETED,876
38C241BD0FED,4.00,1.00,COMPLETED,877
2125640ECC02,4.00,2.00,COMPLETED,878
33E7E16B6081,4.00,2.00,COMPLETED,879
AF844C87F237,4.00,2.00,COMPLETED,880
00924D20099D,4.00,2.00,COMPLETED,881
2A5EA8897879,4.00,2.00,COMPLETED,882
38A756689D01,4.00,1.00,COMPLETED,883
9DA62A96796F,4.00,1.00,COMPLETED,884
ABD89FE93EC2,4.00,2.00,COMPLETED,885
16DC7150CCD8,4.00,1.00,COMPLETED,886
585A3A9258FD,4.00,2.00,COMPLETED,887
C9254BEBC1E0,4.00,1.00,COMPLETED,888
A49A7C8E020F,4.00,1.00,COMPLETED,889
62E4CAED39FD,4.00,2.00,COMPLETED,890
F373F78C6D5F,4.00,2.00,COMPLETED,891
59981EEA96CE,4.00,1.00,COMPLETED,892
D9CC11ECB4CD,4.00,2.00,COMPLETED,893
10A59A9DEFE2,4.00,2.00,COMPLETED,894
5A8AE4B9B146,4.00,2.00,COMPLETED,895
84B769FB0573,4.00,2.00,COMPLETED,896
B3B622408D13,4.00,2.00,COMPLETED,897
9051B7C03F73,4.00,1.00,COMPLETED,898
DBAAC7297A6A,4.00,1.00,COMPLETED,899
714CD6449C5A,4.00,2.00,COMPLETED,900
A4DDF2611E1B,4.00,2.00,COMPLETED,901
3E802BC8F946,4.00,2.00,COMPLETED,902
D39427F2F8C2,4.00,1.00,COMPLETED,903
37A85E7A9749,4.00,2.00,COMPLETED,904
94BE06351E17,4.00,2.00,COMPLETED,905
D8041D85C9AC,4.00,2.00,COMPLETED,906
F5298C3969C6,4.00,2.00,COMPLETED,907
C9211E914C49,4.00,2.00,COMPLETED,908
9F97989FCF38,4.00,2.00,COMPLETED,909
9D0F9CA02EE7,4.00,2.00,COMPLETED,910
7286421C667B,4.00,2.00,COMPLETED,911
CCFB414E82E8,4.00,2.00,COMPLETED,912
06434770BAC4,4.00,1.00,COMPLETED,913
A2D8C0C04E1E,4.00,2.00,COMPLETED,914
65849BDF3E9C,4.00,1.00,COMPLETED,915
7B3C7D120C7A,4.00,2.00,COMPLETED,916
2A28170EA799,4.00,2.00,COMPLETED,917
F00D3F11BCFE,4.00,2.00,COMPLETED,918
44A085BE590E,4.00,2.00,COMPLETED,919
098D3CC1683B,4.00,1.00,COMPLETED,920
78B70E4F2601,4.00,1.00,COMPLETED,921
A804470B0878,4.00,2.00,COMPLETED,922
755F04082BAB,4.00,1.00,COMPLETED,923
EBA8709921FF,4.00,1.00,COMPLETED,924
A7C2EE515FB8,4.00,1.00,COMPLETED,925
CD18750B1755,4.00,1.00,COMPLETED,926
1C9DDA9C4CBB,4.00,2.00,COMPLETED,927
74D18C5B476A,4.00,1.00,COMPLETED,928
B0F469323C07,4.00,2.00,COMPLETED,929
1D6A51BCD702,4.00,2.00,COMPLETED,930
BB0F6ABDD3BF,5.00,2.00,COMPLETED,931
67E87F36DDEC,5.00,2.00,COMPLETED,932
8B3A9E1DC751,5.00,2.00,COMPLETED,933
6C6C51C7790D,5.00,2.00,COMPLETED,934
BD9E59C0DC39,5.00,2.00,COMPLETED,935
D345B1BE6187,5.00,2.00,COMPLETED,936
77F5F1800B95,5.00,2.00,COMPLETED,937
347250BD864D,5.00,2.00,COMPLETED,938
ED1F7DB9F62E,5.00,2.00,COMPLETED,939
796D385FDBF8,5.00,2.00,COMPLETED,940
B530265E2540,5.00,1.00,COMPLETED,941
C8574C60065B,5.00,2.00,COMPLETED,942
4C6303134A1E,5.00,1.00,COMPLETED,943
0DB4F0C08BD8,5.00,2.00,COMPLETED,944
A2F665623C4F,5.00,2.00,COMPLETED,945
146C5610BBF5,5.00,1.00,COMPLETED,946
6EE9A7526F8F,5.00,2.00,COMPLETED,947
32FA3310B17C,5.00,2.00,COMPLETED,948
494F29C45DCC,5.00,2.00,COMPLETED,949
C1951B0A66DE,5.00,2.00,COMPLETED,950
9010C0B8DDBD,5.00,2.00,COMPLETED,951
A722B4A41DA5,5.00,2.00,COMPLETED,952
08E6DDE2B401,5.00,1.00,COMPLETED,953
5231F7FC4320,5.00,1.00,COMPLETED,954
738FFAD6D082,5.00,2.00,COMPLETED,955
08295C79993F,5.00,1.00,COMPLETED,956
F3114277CE37,5.00,2.00,COMPLETED,957
57F3F42BD944,5.00,2.00,COMPLETED,958
04C3C0632C23,5.00,2.00,COMPLETED,959
539B36A54321,5.00,2.00,COMPLETED,960
3F8284ED2793,5.00,1.00,COMPLETED,961
4196D5803C25,5.00,2.00,COMPLETED,962
F69A0BA4F672,5.00,2.00,COMPLETED,963
8B22437CACFD,5.00,2.00,COMPLETED,964
B6EA96E03FF2,5.00,1.00,COMPLETED,965
947C271E8FDC,5.00,2.00,COMPLETED,966
573BC4E4E417,5.00,1.00,COMPLETED,967
B5762A3F177E,5.00,2.00,COMPLETED,968
F1421799A6B3,5.00,1.00,COMPLETED,969
61FAA8D38819,5.00,2.00,COMPLETED,970
2F3AFBD37AF5,5.00,2.00,COMPLETED,971
6F065B77DFD5,5.00,1.00,COMPLETED,972
0C88704B3A92,5.00,2.00,COMPLETED,973
AF3AD9493150,5.00,2.00,COMPLETED,974
7CF1A68E71B8,5.00,1.00,COMPLETED,975
CDF2F698C392,5.00,2.00,COMPLETED,976
B303BB730654,5.00,1.00,COMPLETED,977
7379CFC3AC91,5.00,1.00,COMPLETED,978
A16B78F7FB62,5.00,2.00,COMPLETED,979
C0D9D57CDFB5,5.00,2.00,COMPLETED,980
1F1DB4F82983,5.00,2.00,COMPLETED,981
C616172759E8,5.00,2.00,COMPLETED,982
12F1FE1AF216,6.00,1.00,COMPLETED,983
CA5AEBCB2524,6.00,1.00,COMPLETED,984
81B7756E2D7C,6.00,2.00,COMPLETED,985
1C12888E215A,6.00,2.00,COMPLETED,986
C158F8DC25B8,6.00,2.00,COMPLETED,987
C6CC75D21FD5,6.00,2.00,COMPLETED,988
2E726A491B81,6.00,2.00,COMPLETED,989
2307B5AF2A5A,6.00,1.00,COMPLETED,990
A547CBA4D950,6.00,1.00,COMPLETED,991
233208F4FE32,6.00,2.00,COMPLETED,992
DB000515888C,6.00,2.00,COMPLETED,993
A70181EB606E,6.00,1.00,COMPLETED,994
8E1E147D6666,6.00,1.00,COMPLETED,995
22A3124CE238,6.00,2.00,COMPLETED,996
539454A178CB,6.00,2.00,COMPLETED,997
2E57E622CA59,6.00,2.00,COMPLETED,998
04495CEFE495,6.00,2.00,COMPLETED,999
630BB8BB6794,6.00,1.00,COMPLETED,1000
