Student_ID,Student_ID
4C25D2D418EC,4C25D2D418EC
592288068D0E,592288068D0E
493EFBA51280,493EFBA51280
9508878DBECD,9508878DBECD
B814C88DED05,B814C88DED05
90F347125D27,90F347125D27
2F0C6D6AA452,2F0C6D6AA452
26663929B9D5,26663929B9D5
2DF8539DE639,2DF8539DE639
6E574745ADFD,6E574745ADFD
C89576B45391,C89576B45391
1272940F8AEF,1272940F8AEF
9EE483033922,9EE483033922
1065E531486A,1065E531486A
E235C07F2441,E235C07F2441
2428CA231380,2428CA231380
D132A9371F5A,D132A9371F5A
3049A95E9F66,3049A95E9F66
377BA9A6E418,377BA9A6E418
BE87DF6C173F,BE87DF6C173F
315438036B3A,315438036B3A
EA35CA02E260,EA35CA02E260
C46132201669,C46132201669
153D811E08FB,153D811E08FB
00E7C83E7D03,00E7C83E7D03
FDDB4FCD74E7,FDDB4FCD74E7
9C6A00155CAC,9C6A00155CAC
62475ADCE79B,62475ADCE79B
619F8FAA4668,619F8FAA4668
FC37FD84A71D,FC37FD84A71D
0849A9259271,0849A9259271
975C897407C7,975C897407C7
146C5610BBF5,146C5610BBF5
338D452B1F05,338D452B1F05
972D3C8707CB,972D3C8707CB
5E9849FC981D,5E9849FC981D
398EDC8D7360,398EDC8D7360
6B156B454D40,6B156B454D40
52CD9A8E44CB,52CD9A8E44CB
F43FDFEB98FA,F43FDFEB98FA
A62CF1A934EB,A62CF1A934EB
9825D0BC400A,9825D0BC400A
B8E247196BF6,B8E247196BF6
F3A66D61CE56,F3A66D61CE56
B3FC85821768,B3FC85821768
A2C38CA3E744,A2C38CA3E744
511F8AF7443A,511F8AF7443A
40556FA30792,40556FA30792
7843A89BA2D0,7843A89BA2D0
91171C440411,91171C440411
7811A6F2B2B7,7811A6F2B2B7
4D766AFEF073,4D766AFEF073
EBA8709921FF,EBA8709921FF
141E27304EDF,141E27304EDF
308CB08FF368,308CB08FF368
F9BB6DFB6871,F9BB6DFB6871
4AE08C879D70,4AE08C879D70
9AB24E51F16A,9AB24E51F16A
0A4DFCB22E3E,0A4DFCB22E3E
FCD19E14F00F,FCD19E14F00F
BF0DAF397AD5,BF0DAF397AD5
FACB636DFE8B,FACB636DFE8B
3D4C08D7EE27,3D4C08D7EE27
5ADF231C953C,5ADF231C953C
951579EA153B,951579EA153B
ECFFA2F3516B,ECFFA2F3516B
3DDC3A3C0417,3DDC3A3C0417
164394D24A13,164394D24A13
B42989CE5DB9,B42989CE5DB9
395FE2E19FE6,395FE2E19FE6
4268FC1BBF04,4268FC1BBF04
48547B1FCFE0,48547B1FCFE0
D0B0F313C535,D0B0F313C535
4A92F11EF803,4A92F11EF803
DEFE4FA15059,DEFE4FA15059
E7436BC28858,E7436BC28858
EA94E2C3709E,EA94E2C3709E
14767BD4E13A,14767BD4E13A
6AB2F507F1B1,6AB2F507F1B1
C8D9B82062BF,C8D9B82062BF
035827F94A61,035827F94A61
6078960BD537,6078960BD537
56A440B24863,56A440B24863
E9C5A0CE239F,E9C5A0CE239F
EDE430AD39D6,EDE430AD39D6
993F208CAFA0,993F208CAFA0
6129D3AA7E7F,6129D3AA7E7F
51A8CC09F9FF,51A8CC09F9FF
18F422B236A7,18F422B236A7
2F36BFFD67B4,2F36BFFD67B4
AB0D7FB833BB,AB0D7FB833BB
707E7440EA76,707E7440EA76
E0B7E82AB286,E0B7E82AB286
8BF820548DED,8BF820548DED
7D40083BCBC1,7D40083BCBC1
224EB4ACD536,224EB4ACD536
CC1C1725F728,CC1C1725F728
E31B8A46282D,E31B8A46282D
B10E0949211E,B10E0949211E
A94491B61F15,A94491B61F15
EAD8E09DFA79,EAD8E09DFA79
93D484D71799,93D484D71799
BDE86DC495C6,BDE86DC495C6
E18AB12AB162,E18AB12AB162
226866F9C863,226866F9C863
7871AA9DD084,7871AA9DD084
74B8C805F3D9,74B8C805F3D9
17106B3281C1,17106B3281C1
19D32C291DDF,19D32C291DDF
6A89E12B5DEC,6A89E12B5DEC
28017C810D08,28017C810D08
165285871EF4,165285871EF4
FAB8D651298F,FAB8D651298F
CF51A52CD06A,CF51A52CD06A
BB3CCFB22F7B,BB3CCFB22F7B
61A8766708E7,61A8766708E7
00A86A3C467B,00A86A3C467B
19722F5952DD,19722F5952DD
5F73E8A5C12D,5F73E8A5C12D
157D23B47BBF,157D23B47BBF
E7A6F35016F2,E7A6F35016F2
C8F0B3D5312C,C8F0B3D5312C
3005C243B257,3005C243B257
D5340932D27E,D5340932D27E
87CA803A0EA2,87CA803A0EA2
EDC3ED6DC9A6,EDC3ED6DC9A6
2307B5AF2A5A,2307B5AF2A5A
BFAC1D129ED3,BFAC1D129ED3
99610D179BB1,99610D179BB1
515A86600BEB,515A86600BEB
36FEF26338A0,36FEF26338A0
B6216E2EADCE,B6216E2EADCE
5E330507B99D,5E330507B99D
395856098203,395856098203
A02902536932,A02902536932
9E9A6347A464,9E9A6347A464
3276FF5247AB,3276FF5247AB
99658306486E,99658306486E
F995C3B84455,F995C3B84455
5EC54A3634C4,5EC54A3634C4
1E4760172997,1E4760172997
DE272CCB97E4,DE272CCB97E4
71056FB2AD17,71056FB2AD17
382B60906C52,382B60906C52
7CC1CEAE852E,7CC1CEAE852E
3BDD8AD15E95,3BDD8AD15E95
4EFBB6761292,4EFBB6761292
0AACB8FF24B4,0AACB8FF24B4
1898EAD6447B,1898EAD6447B
49B485B1DFF6,49B485B1DFF6
172F932A5471,172F932A5471
65849BDF3E9C,65849BDF3E9C
411FA5DF14A0,411FA5DF14A0
B40031E14282,B40031E14282
6670670DE4A0,6670670DE4A0
6FD841149FEC,6FD841149FEC
BACB506B8512,BACB506B8512
8D33C0362397,8D33C0362397
18E9521269A3,18E9521269A3
1F51FFB81525,1F51FFB81525
06434770BAC4,06434770BAC4
A7522D288698,A7522D288698
334CD50F9DEB,334CD50F9DEB
226840CABC14,226840CABC14
F1D0A5877494,F1D0A5877494
C91925B8883D,C91925B8883D
7CDCD2A3CC30,7CDCD2A3CC30
2E726A491B81,2E726A491B81
C19CF10E0311,C19CF10E0311
4403A800FA0C,4403A800FA0C
B03A186B6F6A,B03A186B6F6A
F817F2CC6CD9,F817F2CC6CD9
A3A5558121AA,A3A5558121AA
5C4D3C4A8FAF,5C4D3C4A8FAF
7497EC3330F0,7497EC3330F0
1EFC92B0F8CA,1EFC92B0F8CA
24CF63F300D2,24CF63F300D2
F62CEF9005D6,F62CEF9005D6
36F499DE4744,36F499DE4744
459116B06019,459116B06019
CD1065DD9120,CD1065DD9120
BFF287E77E33,BFF287E77E33
5336CCAB317E,5336CCAB317E
7835B3AF6B18,7835B3AF6B18
5189121EA9A3,5189121EA9A3
15BAA7386610,15BAA7386610
1761EAEB10A9,1761EAEB10A9
75FFFC0FB397,75FFFC0FB397
CED46B7954A8,CED46B7954A8
605AC17D0204,605AC17D0204
736B4EA905FB,736B4EA905FB
ABD89FE93EC2,ABD89FE93EC2
C782923511BF,C782923511BF
7D90E0B4EBDF,7D90E0B4EBDF
F368AD373F48,F368AD373F48
514359F1B74D,514359F1B74D
5231F7FC4320,5231F7FC4320
3CC1A93E1853,3CC1A93E1853
278DEF78BEC1,278DEF78BEC1
EF35905E7B1F,EF35905E7B1F
A49C2A63E851,A49C2A63E851
8EEC776A43D9,8EEC776A43D9
975B6F95D4AE,975B6F95D4AE
1F1DB4F82983,1F1DB4F82983
6578EB41D207,6578EB41D207
B86511A16115,B86511A16115
FB2C3926D4EF,FB2C3926D4EF
8D0AD0B0F306,8D0AD0B0F306
8618601C8824,8618601C8824
E73A11C8FA77,E73A11C8FA77
97DA59B1F1C8,97DA59B1F1C8
5189D8C1F336,5189D8C1F336
1BD6E6A550A1,1BD6E6A550A1
5E8E25E0E08D,5E8E25E0E08D
4CA8AC460BAD,4CA8AC460BAD
446C38A82833,446C38A82833
16DC7150CCD8,16DC7150CCD8
9555F6ACDE13,9555F6ACDE13
A2FFFCBD3D99,A2FFFCBD3D99
0122E35F1919,0122E35F1919
4322895D34FF,4322895D34FF
62AC5143150B,62AC5143150B
168F35937296,168F35937296
D2FBBE842488,D2FBBE842488
1A9B276FB346,1A9B276FB346
589C6B138C1A,589C6B138C1A
CBF82FFD35DE,CBF82FFD35DE
A5A44CFE114D,A5A44CFE114D
D04CD3B2E453,D04CD3B2E453
C27A73C1E958,C27A73C1E958
5C6E4E772A46,5C6E4E772A46
37808CD38737,37808CD38737
1130955A6644,1130955A6644
5BFE009AF2B7,5BFE009AF2B7
D271E08199D1,D271E08199D1
0D61BA602316,0D61BA602316
E26EB2269D25,E26EB2269D25
75098DACE4FD,75098DACE4FD
E0C4F7D14B55,E0C4F7D14B55
54200F61AF70,54200F61AF70
38CD7CA404EF,38CD7CA404EF
9DF2F5473FA8,9DF2F5473FA8
C9254BEBC1E0,C9254BEBC1E0
2397396066FF,2397396066FF
9051B7C03F73,9051B7C03F73
45C2B209B3B3,45C2B209B3B3
61C8C5733BB5,61C8C5733BB5
E7AFE8B0FC13,E7AFE8B0FC13
B15BD476EEBC,B15BD476EEBC
06F57C0CE294,06F57C0CE294
15C2005F8BE6,15C2005F8BE6
E5C92545045F,E5C92545045F
2FDB4F923A22,2FDB4F923A22
E336763331F2,E336763331F2
07A1A2FDE3EC,07A1A2FDE3EC
B3FC3CAE4EA9,B3FC3CAE4EA9
501A0C75823D,501A0C75823D
B9BA665B319A,B9BA665B319A
B340B10A3EA0,B340B10A3EA0
74512218FBE9,74512218FBE9
C81E93B1C0AC,C81E93B1C0AC
14B7CC4AEB5B,14B7CC4AEB5B
4473581D28E3,4473581D28E3
27C73E600CC0,27C73E600CC0
58F192B5E015,58F192B5E015
91B34C69D0A6,91B34C69D0A6
267964940168,267964940168
932F0D2360F8,932F0D2360F8
C3D918FD62E0,C3D918FD62E0
45D15C5E203A,45D15C5E203A
402093B50F07,402093B50F07
C995E6225DB5,C995E6225DB5
544662C2A4EE,544662C2A4EE
C3061BF79477,C3061BF79477
9478F8191330,9478F8191330
920E90292BFF,920E90292BFF
1526707671A1,1526707671A1
3D8DC159614F,3D8DC159614F
1A0A099A44C9,1A0A099A44C9
6C0FC39AFD0F,6C0FC39AFD0F
4739DDD476DC,4739DDD476DC
77E4A818DBC7,77E4A818DBC7
7C711505EC7E,7C711505EC7E
90110B2C38E6,90110B2C38E6
F09D1FCF3966,F09D1FCF3966
6F91658B6649,6F91658B6649
157A83960377,157A83960377
86E3CAC49AB9,86E3CAC49AB9
ADEA1A9BDA25,ADEA1A9BDA25
F7CFBA05F4A7,F7CFBA05F4A7
B22935154156,B22935154156
95FE8B6700A3,95FE8B6700A3
2BB66599B20D,2BB66599B20D
52C681C4BB58,52C681C4BB58
1C1ADA4E9E7F,1C1ADA4E9E7F
D38F05E656BA,D38F05E656BA
9A1460731552,9A1460731552
45FE852B31C8,45FE852B31C8
4F1D3DD077AD,4F1D3DD077AD
D11B4FDCE6FC,D11B4FDCE6FC
7F5A13CFBDA0,7F5A13CFBDA0
F61EF2F86206,F61EF2F86206
4802DCF935A0,4802DCF935A0
305E9F1AA67D,305E9F1AA67D
F3003375BB3D,F3003375BB3D
E9A4A3D1A455,E9A4A3D1A455
2FF132E08CA3,2FF132E08CA3
FC51978DBF62,FC51978DBF62
9E11F1395DE2,9E11F1395DE2
D9FCACCA0258,D9FCACCA0258
A9CCF5316DB5,A9CCF5316DB5
92CFA0704F8C,92CFA0704F8C
198BC28F4C79,198BC28F4C79
DF7E31538559,DF7E31538559
29D5420C7B8E,29D5420C7B8E
56814287F614,56814287F614
FB92FD5CDD33,FB92FD5CDD33
1AD236703C0A,1AD236703C0A
270901840C45,270901840C45
59981EEA96CE,59981EEA96CE
F407302B4506,F407302B4506
3720461F4483,3720461F4483
96330EDCA9EC,96330EDCA9EC
0627DDC78F2B,0627DDC78F2B
8C95992C1D85,8C95992C1D85
451048AA3C25,451048AA3C25
5DF8FAAFB299,5DF8FAAFB299
4B059F14F68D,4B059F14F68D
E6B17B9C62AB,E6B17B9C62AB
C99E2A998253,C99E2A998253
8CC38609E32B,8CC38609E32B
6D564E40A439,6D564E40A439
9F4D737752D8,9F4D737752D8
1036AB4B89A5,1036AB4B89A5
3369487B6030,3369487B6030
1329C72D8787,1329C72D8787
D370FD74A8D1,D370FD74A8D1
6C4962F3F175,6C4962F3F175
832D9942C6B8,832D9942C6B8
FDA4D0DDDE7F,FDA4D0DDDE7F
9E1BAE3EFE7D,9E1BAE3EFE7D
E982335D6BCA,E982335D6BCA
DAF574DC1DCC,DAF574DC1DCC
38A756689D01,38A756689D01
48BDB417D917,48BDB417D917
22568EDE52C4,22568EDE52C4
EBFF21605CC6,EBFF21605CC6
1AAE34AE28EB,1AAE34AE28EB
E9442F4653E3,E9442F4653E3
CD62C0037B30,CD62C0037B30
BEEF12C482D0,BEEF12C482D0
DA4A1D845E53,DA4A1D845E53
145B74D5CDD6,145B74D5CDD6
240766E80C3D,240766E80C3D
2387ECDB2D21,2387ECDB2D21
D297CAC662B1,D297CAC662B1
C0E6B3F5D132,C0E6B3F5D132
8F6780D2A492,8F6780D2A492
A09DB2B3F507,A09DB2B3F507
03C440C5199C,03C440C5199C
8CC9C9B495DD,8CC9C9B495DD
8BC7D3CA2209,8BC7D3CA2209
394A549666A0,394A549666A0
00A29B9734B4,00A29B9734B4
F54D045537F4,F54D045537F4
2885445CF71F,2885445CF71F
1F1950AD9E3C,1F1950AD9E3C
D40F05782253,D40F05782253
75B650A5FA2E,75B650A5FA2E
D4FFA9CDD071,D4FFA9CDD071
BD9E59C0DC39,BD9E59C0DC39
84AD2EBE3EB3,84AD2EBE3EB3
81767BB9205A,81767BB9205A
67986BFFBF51,67986BFFBF51
84A35900FBAB,84A35900FBAB
61FAA8D38819,61FAA8D38819
35AF11AEA790,35AF11AEA790
1032999DACF8,1032999DACF8
0ED9E08A488F,0ED9E08A488F
EE9D165109EA,EE9D165109EA
6470DBE6EB35,6470DBE6EB35
E958CBC5FFF7,E958CBC5FFF7
6CD0DF673D58,6CD0DF673D58
DC16EE01489C,DC16EE01489C
D834CCCC7EAE,D834CCCC7EAE
41D102A9B781,41D102A9B781
CB0BA8AFDD70,CB0BA8AFDD70
ACE9A55708FE,ACE9A55708FE
760EE84C6AA7,760EE84C6AA7
FEF58C35727E,FEF58C35727E
254077DBC4D5,254077DBC4D5
BCAD2AF6F5E7,BCAD2AF6F5E7
27F80CDA66D5,27F80CDA66D5
5D962802996C,5D962802996C
8A952A2D7D1A,8A952A2D7D1A
A2D8C0C04E1E,A2D8C0C04E1E
ACCB4E96A23C,ACCB4E96A23C
BD5932B3BD71,BD5932B3BD71
1A13D6CCAE8E,1A13D6CCAE8E
3806A01744EC,3806A01744EC
E1E4E56C0276,E1E4E56C0276
9C340292AC83,9C340292AC83
E93F19AAA1E1,E93F19AAA1E1
078C9D6C7846,078C9D6C7846
0B93C820D727,0B93C820D727
63188317312F,63188317312F
C1FE5D19F013,C1FE5D19F013
CD9944E34A1B,CD9944E34A1B
922109685F29,922109685F29
F0D469E44A0F,F0D469E44A0F
2E3EA6868028,2E3EA6868028
A599129D0F26,A599129D0F26
233208F4FE32,233208F4FE32
321E963F5D2A,321E963F5D2A
6609C7960EAA,6609C7960EAA
17DEC51E5DFC,17DEC51E5DFC
05A1EBB67463,05A1EBB67463
4A333A23C5D0,4A333A23C5D0
BA9D19F0E1C1,BA9D19F0E1C1
D3B75D5A27F7,D3B75D5A27F7
2C2CADABA5B9,2C2CADABA5B9
1B88E8DF360F,1B88E8DF360F
A21613612F0D,A21613612F0D
39FA45B7DC20,39FA45B7DC20
9ABD506FE024,9ABD506FE024
2A8732C4F5C2,2A8732C4F5C2
9495216FD8AA,9495216FD8AA
87F427094745,87F427094745
1D6A51BCD702,1D6A51BCD702
49BA5F7B8BCA,49BA5F7B8BCA
8F98FAED8372,8F98FAED8372
F5221FAF3D22,F5221FAF3D22
B79537E22F9F,B79537E22F9F
0304022FC741,0304022FC741
0D2E9EB0A950,0D2E9EB0A950
685E2F3C546D,685E2F3C546D
7AC55AD8DB89,7AC55AD8DB89
B0EEAAF4FAEF,B0EEAAF4FAEF
47391A9A8ACD,47391A9A8ACD
C4EE54CE9551,C4EE54CE9551
36D5545BFA4D,36D5545BFA4D
EFC8DCB1139C,EFC8DCB1139C
CD8FB8898D24,CD8FB8898D24
35587BE80172,35587BE80172
4221B685538D,4221B685538D
00286B0CC7E8,00286B0CC7E8
7BB547276B1E,7BB547276B1E
ECC06C13AD29,ECC06C13AD29
48308204DEAB,48308204DEAB
22DD464BA2AB,22DD464BA2AB
A5FB48C78B4B,A5FB48C78B4B
E898000312DC,E898000312DC
033D1D1734FE,033D1D1734FE
A4FD384F7256,A4FD384F7256
DCBC3F1A9843,DCBC3F1A9843
001F77FB52EB,001F77FB52EB
9CE51413C045,9CE51413C045
098D3CC1683B,098D3CC1683B
C0FFC751B751,C0FFC751B751
5450C151A48E,5450C151A48E
08295C79993F,08295C79993F
D489D7FD445B,D489D7FD445B
85D341012F75,85D341012F75
D128D6CBA66A,D128D6CBA66A
FEE71DB64712,FEE71DB64712
22E7A1158638,22E7A1158638
23498828DBAD,23498828DBAD
434FE647F2B5,434FE647F2B5
77CBC1086423,77CBC1086423
2071184615A3,2071184615A3
F2D1D7DBD65F,F2D1D7DBD65F
2E57E622CA59,2E57E622CA59
76BB9D890DD5,76BB9D890DD5
DD07CD125535,DD07CD125535
FABB79BBEF58,FABB79BBEF58
CC2F443C5C99,CC2F443C5C99
81F77091A590,81F77091A590
54750234029D,54750234029D
3F8284ED2793,3F8284ED2793
F83EBC9F4C13,F83EBC9F4C13
7676195ABF74,7676195ABF74
BD27CE6F9E0E,BD27CE6F9E0E
AA4108492775,AA4108492775
7547755F36C2,7547755F36C2
77F5F1800B95,77F5F1800B95
C184023552D8,C184023552D8
A5BFA723B10C,A5BFA723B10C
67408F770515,67408F770515
6D3F608FE710,6D3F608FE710
32B495DE2EE2,32B495DE2EE2
15105D5AE66F,15105D5AE66F
8B1B5F3FDEB2,8B1B5F3FDEB2
64EDA4262789,64EDA4262789
89F994C48FD1,89F994C48FD1
43E1519F2042,43E1519F2042
FCF0690076CC,FCF0690076CC
45066AC412F5,45066AC412F5
934D314D8F45,934D314D8F45
80EB2329985A,80EB2329985A
60258D646DDB,60258D646DDB
64A37879240B,64A37879240B
6FC0071A7924,6FC0071A7924
D39427F2F8C2,D39427F2F8C2
B56E329AAA43,B56E329AAA43
F584055FF5BB,F584055FF5BB
EF5CF3F7F42E,EF5CF3F7F42E
82940E318886,82940E318886
D6B2B541E861,D6B2B541E861
74FBBB154C39,74FBBB154C39
4A1ABE7D39C9,4A1ABE7D39C9
964AAAB6B273,964AAAB6B273
6481B5D6B762,6481B5D6B762
CA5AEBCB2524,CA5AEBCB2524
FDC96A87583F,FDC96A87583F
8B0D05E5DFAB,8B0D05E5DFAB
D856824B08C5,D856824B08C5
7F0F1226035E,7F0F1226035E
D63633E80D95,D63633E80D95
C742FB8EA4AB,C742FB8EA4AB
550757E1C0B3,550757E1C0B3
E64E600928E1,E64E600928E1
621B0AA39775,621B0AA39775
F2A04EFE2C04,F2A04EFE2C04
94234B8A48F4,94234B8A48F4
E38759EE6B1A,E38759EE6B1A
43E44C1EBD17,43E44C1EBD17
A3CCABFB4B5C,A3CCABFB4B5C
32FA3310B17C,32FA3310B17C
CD18750B1755,CD18750B1755
6ABE33B6BD9E,6ABE33B6BD9E
C123348C8D52,C123348C8D52
FDF6FE283A49,FDF6FE283A49
BBA2B77408F2,BBA2B77408F2
9DDCF587CCEB,9DDCF587CCEB
4FEF1470383C,4FEF1470383C
3D9017734B99,3D9017734B99
DA5D0EE8390E,DA5D0EE8390E
FD9405EDC3A4,FD9405EDC3A4
5A8AE4B9B146,5A8AE4B9B146
DA30D2997CD0,DA30D2997CD0
1AF90CE789E2,1AF90CE789E2
DB9A0DC0BED4,DB9A0DC0BED4
352996286170,352996286170
1A41D5CC16B9,1A41D5CC16B9
419BAB44F9B4,419BAB44F9B4
67E87F36DDEC,67E87F36DDEC
5E47FD12696B,5E47FD12696B
ED1F7DB9F62E,ED1F7DB9F62E
79409BE1102D,79409BE1102D
4A5D8A4FD2B4,4A5D8A4FD2B4
9B5005FD8A1B,9B5005FD8A1B
619D49540715,619D49540715
8539A389EC5D,8539A389EC5D
F4835D2A718B,F4835D2A718B
48DAABACAE14,48DAABACAE14
F5BF6241319E,F5BF6241319E
4E013FE63B70,4E013FE63B70
723E537F641E,723E537F641E
1FE8E2345AEC,1FE8E2345AEC
12B92F8CBA64,12B92F8CBA64
CF98716BC4C6,CF98716BC4C6
50FF5F86E68D,50FF5F86E68D
79C116F98641,79C116F98641
E2258E4F09CA,E2258E4F09CA
211BCA3E5FEE,211BCA3E5FEE
EA1892100CDF,EA1892100CDF
2A238AE66A67,2A238AE66A67
DB0C9DBC1132,DB0C9DBC1132
57C7975F7905,57C7975F7905
30B694BB28A7,30B694BB28A7
78DE1881B331,78DE1881B331
AA7E547E96F1,AA7E547E96F1
C109B259FCA1,C109B259FCA1
9DBF6C7E95C5,9DBF6C7E95C5
9DD832A8F1AA,9DD832A8F1AA
CDD5C84A6CFC,CDD5C84A6CFC
ABD6FC557089,ABD6FC557089
FBAC0A9BF036,FBAC0A9BF036
92CF2A874655,92CF2A874655
B944854DBA45,B944854DBA45
A10DAD7189E6,A10DAD7189E6
89F1B077BA34,89F1B077BA34
7AA894032868,7AA894032868
7854354FFC63,7854354FFC63
F707B7C6FBC0,F707B7C6FBC0
72E5D0E6DA12,72E5D0E6DA12
B77EDAA37689,B77EDAA37689
21D6F8F21AA2,21D6F8F21AA2
C9D5EA88E5F8,C9D5EA88E5F8
FE6802584ED3,FE6802584ED3
40AC24919374,40AC24919374
EA4D0B05736A,EA4D0B05736A
762DE13EC60E,762DE13EC60E
35458460B846,35458460B846
9DA62A96796F,9DA62A96796F
A6F110D43D3E,A6F110D43D3E
8FA43DD771B2,8FA43DD771B2
8238B886DBAC,8238B886DBAC
86E579B6A0FB,86E579B6A0FB
950C36E7E880,950C36E7E880
AE6DD4190E1A,AE6DD4190E1A
4058B111F4FF,4058B111F4FF
7586562AAF7E,7586562AAF7E
51D6F3E69095,51D6F3E69095
6CE52C7A48DE,6CE52C7A48DE
AA8CD3D4EF3A,AA8CD3D4EF3A
FD0C41A0A1D0,FD0C41A0A1D0
BA0433D8A643,BA0433D8A643
2D41B37D0255,2D41B37D0255
0E53E811B61E,0E53E811B61E
20D059A58CAA,20D059A58CAA
DB000515888C,DB000515888C
7AF8D2A3201F,7AF8D2A3201F
888DAF19A48E,888DAF19A48E
8438496CD8B9,8438496CD8B9
3C533912A0FA,3C533912A0FA
F27D5FAAB689,F27D5FAAB689
BB7035BF4ADA,BB7035BF4ADA
339F9AA99514,339F9AA99514
F0714931CC06,F0714931CC06
AA7288A8359C,AA7288A8359C
D2FFDDE96F7B,D2FFDDE96F7B
94975EB1D5FF,94975EB1D5FF
B0F3DAF53680,B0F3DAF53680
22AF361EB8BC,22AF361EB8BC
8A4C29C07972,8A4C29C07972
C13AC580A790,C13AC580A790
5C998F62377E,5C998F62377E
11773EC36EC1,11773EC36EC1
61713BB4AFCE,61713BB4AFCE
630BB8BB6794,630BB8BB6794
92F0728236CC,92F0728236CC
C29BC720D6C6,C29BC720D6C6
76FF6E4F240C,76FF6E4F240C
C138FF071BC1,C138FF071BC1
8DD3D758A61A,8DD3D758A61A
CD06AE4F3639,CD06AE4F3639
771D0BC4FB5E,771D0BC4FB5E
4F8E13C5777B,4F8E13C5777B
EF10567A6D03,EF10567A6D03
9C50571B35D7,9C50571B35D7
4CC92A9ECFD3,4CC92A9ECFD3
738618B83B57,738618B83B57
680CF5F7AEEF,680CF5F7AEEF
2ED3BCFBF98E,2ED3BCFBF98E
0C2C7A7D9F06,0C2C7A7D9F06
C3A1689DC962,C3A1689DC962
98C57B1D2E5C,98C57B1D2E5C
1C0C676F6404,1C0C676F6404
F9994998CC67,F9994998CC67
C2719A2BC6E0,C2719A2BC6E0
6165661F1FD3,6165661F1FD3
57789A1110EB,57789A1110EB
DBF6650049AE,DBF6650049AE
029F2F46E208,029F2F46E208
CE3C4FE15187,CE3C4FE15187
563ADEA2D777,563ADEA2D777
A94B66617C21,A94B66617C21
7286040E7974,7286040E7974
52A74FEAFA2B,52A74FEAFA2B
66F1CCAB0182,66F1CCAB0182
F50EFA167C35,F50EFA167C35
A2F665623C4F,A2F665623C4F
C956E9858E3E,C956E9858E3E
ABAD74B3A465,ABAD74B3A465
74D18C5B476A,74D18C5B476A
F62BA0EBE1F4,F62BA0EBE1F4
BDB1E4A411D2,BDB1E4A411D2
869A0ACEB1DE,869A0ACEB1DE
B303BB730654,B303BB730654
7D39374EC805,7D39374EC805
2E217CBBFD14,2E217CBBFD14
BA41D2DBD884,BA41D2DBD884
0409A342D107,0409A342D107
E955849C4B86,E955849C4B86
E4D35FFFEE48,E4D35FFFEE48
03E9B1593CBA,03E9B1593CBA
6EE9A7526F8F,6EE9A7526F8F
E4D12A1EC897,E4D12A1EC897
C47F958ADF64,C47F958ADF64
B8C8AA0F6A72,B8C8AA0F6A72
35A31E2FB72F,35A31E2FB72F
0A2F3D1EAC79,0A2F3D1EAC79
C1F066AD475D,C1F066AD475D
325C2D277D3F,325C2D277D3F
E513901FA3C6,E513901FA3C6
7EDBB8F1D71C,7EDBB8F1D71C
FF22679D9BC8,FF22679D9BC8
782682A38E93,782682A38E93
62E4CAED39FD,62E4CAED39FD
FDFB401FB111,FDFB401FB111
8436CBC3C15C,8436CBC3C15C
CBDFAF9B7616,CBDFAF9B7616
5E2828C74273,5E2828C74273
82B43EA3DA70,82B43EA3DA70
7B3C7D120C7A,7B3C7D120C7A
F70C456BED4E,F70C456BED4E
1C12888E215A,1C12888E215A
4948C2745C80,4948C2745C80
3DAA4AA75CB6,3DAA4AA75CB6
933F864098BB,933F864098BB
CB25069087C9,CB25069087C9
83D31445FEF4,83D31445FEF4
3B399EA04CF2,3B399EA04CF2
C616172759E8,C616172759E8
6794DCBE9181,6794DCBE9181
CB6391C19F30,CB6391C19F30
F8E503B20A19,F8E503B20A19
2B3E643FA766,2B3E643FA766
E99ED75412EA,E99ED75412EA
37519D30A333,37519D30A333
1419793DEED9,1419793DEED9
0A715CA3393F,0A715CA3393F
A547CBA4D950,A547CBA4D950
1F5C0DB56347,1F5C0DB56347
AD59DD156E95,AD59DD156E95
5E84F1380970,5E84F1380970
0E5CF28C44E4,0E5CF28C44E4
B92F5B2EFB11,B92F5B2EFB11
39719261D1BF,39719261D1BF
3E802BC8F946,3E802BC8F946
84B769FB0573,84B769FB0573
274622CB9E2B,274622CB9E2B
CC3F9DA412EB,CC3F9DA412EB
9EF30BB08016,9EF30BB08016
F14C07566C13,F14C07566C13
CBFFD6EA6552,CBFFD6EA6552
B3852DFAC7E0,B3852DFAC7E0
8F0644B7C78E,8F0644B7C78E
539454A178CB,539454A178CB
EB60210EBD43,EB60210EBD43
CFA5E0229773,CFA5E0229773
60B7C15BF23C,60B7C15BF23C
8B3A9E1DC751,8B3A9E1DC751
C23B5A073A81,C23B5A073A81
F1421799A6B3,F1421799A6B3
CDF2F698C392,CDF2F698C392
6B188C86D3BB,6B188C86D3BB
A1099A67BA1C,A1099A67BA1C
E977EE1D149C,E977EE1D149C
930AAA9B8074,930AAA9B8074
A37DB832B74A,A37DB832B74A
D80CEC6DAF4C,D80CEC6DAF4C
81EA5AACAE62,81EA5AACAE62
D3A656E62F7B,D3A656E62F7B
A16B78F7FB62,A16B78F7FB62
6D90AC5C0251,6D90AC5C0251
0C88704B3A92,0C88704B3A92
D2CD4A9C4E2C,D2CD4A9C4E2C
2125640ECC02,2125640ECC02
41A28855086B,41A28855086B
F3114277CE37,F3114277CE37
D0ADAEEBDA9F,D0ADAEEBDA9F
9AC3A9DEE300,9AC3A9DEE300
75B5503ACB0F,75B5503ACB0F
C44DAB2103DD,C44DAB2103DD
D3FB1811A60B,D3FB1811A60B
A804470B0878,A804470B0878
2A3EFCBB1621,2A3EFCBB1621
BF55A2C58A1B,BF55A2C58A1B
772F18D7EF4A,772F18D7EF4A
28AC86821ED4,28AC86821ED4
8E1E147D6666,8E1E147D6666
CA030BFFD583,CA030BFFD583
44D1D8189B94,44D1D8189B94
09583E86500A,09583E86500A
B530265E2540,B530265E2540
B5762A3F177E,B5762A3F177E
B0F071BE0C1D,B0F071BE0C1D
CCFC6B4B6798,CCFC6B4B6798
8A8F66A1F44A,8A8F66A1F44A
21D71B2E128A,21D71B2E128A
9E51BE31D56D,9E51BE31D56D
CE48DF40E321,CE48DF40E321
13BE594AEFDB,13BE594AEFDB
3EEA16DB60B1,3EEA16DB60B1
A49A7C8E020F,A49A7C8E020F
25EDF5FE7661,25EDF5FE7661
C1951B0A66DE,C1951B0A66DE
AF844C87F237,AF844C87F237
C8744326ED44,C8744326ED44
B4252DADA10F,B4252DADA10F
1C9DDA9C4CBB,1C9DDA9C4CBB
921550861CAA,921550861CAA
F0E46D5B7AF1,F0E46D5B7AF1
33E7E16B6081,33E7E16B6081
2DA879154519,2DA879154519
784EF86B34E7,784EF86B34E7
358CEF526D9E,358CEF526D9E
0E13F6C2C762,0E13F6C2C762
5696B5A4EE70,5696B5A4EE70
5735592E2F04,5735592E2F04
16649925C023,16649925C023
23EC1BD20ABE,23EC1BD20ABE
959495040897,959495040897
6FFE4CE605E7,6FFE4CE605E7
F73D7D73A788,F73D7D73A788
D8041D85C9AC,D8041D85C9AC
B68618EBE61A,B68618EBE61A
1C6E72EE226E,1C6E72EE226E
5DFC51D3BB3C,5DFC51D3BB3C
A7C2EE515FB8,A7C2EE515FB8
320181ACE77A,320181ACE77A
42EAD879A019,42EAD879A019
35F14201AF59,35F14201AF59
BAC092D4164D,BAC092D4164D
885AFA4179F4,885AFA4179F4
4196D5803C25,4196D5803C25
850118A768B7,850118A768B7
31590F7B7763,31590F7B7763
F9E063FA0533,F9E063FA0533
746053366BAE,746053366BAE
E243123D40A3,E243123D40A3
B11DB932EAF4,B11DB932EAF4
5A45CFCB4819,5A45CFCB4819
A72A4B827F1F,A72A4B827F1F
7A26BADAAED8,7A26BADAAED8
37A85E7A9749,37A85E7A9749
535324A831C9,535324A831C9
42F0AA2F9D91,42F0AA2F9D91
3BFA1D44412E,3BFA1D44412E
18CBFA9D3A9F,18CBFA9D3A9F
B9D6C7F5FF5A,B9D6C7F5FF5A
F9B0DC5C7DF1,F9B0DC5C7DF1
77AF04C9984F,77AF04C9984F
AE79A2647B1A,AE79A2647B1A
FE3AA8261DD9,FE3AA8261DD9
7B093209362E,7B093209362E
F5298C3969C6,F5298C3969C6
08E6DDE2B401,08E6DDE2B401
E5A602A9BE24,E5A602A9BE24
2096CE6C860C,2096CE6C860C
9F97989FCF38,9F97989FCF38
B7B4ACCB8AFF,B7B4ACCB8AFF
3C28706699FF,3C28706699FF
E0648B7ECCC1,E0648B7ECCC1
56B21BB78916,56B21BB78916
796D385FDBF8,796D385FDBF8
8AEB22EA9D82,8AEB22EA9D82
E8450AABFAE0,E8450AABFAE0
7379CFC3AC91,7379CFC3AC91
743680BE1054,743680BE1054
4A660B4E1D12,4A660B4E1D12
C01EAFEA58A1,C01EAFEA58A1
42FB56EC8C78,42FB56EC8C78
C5B96B45072B,C5B96B45072B
B3B622408D13,B3B622408D13
A0E856172798,A0E856172798
5E739E6D8A2E,5E739E6D8A2E
A9A1C46CCD43,A9A1C46CCD43
22A3124CE238,22A3124CE238
0DED9F9A8E71,0DED9F9A8E71
94C322D12EAA,94C322D12EAA
D9CC11ECB4CD,D9CC11ECB4CD
70318659DA49,70318659DA49
28C179918559,28C179918559
F4B18EB4652C,F4B18EB4652C
788605FA78E3,788605FA78E3
5A1249CDF04E,5A1249CDF04E
484AE33D75C2,484AE33D75C2
2EACDC900E12,2EACDC900E12
7286421C667B,7286421C667B
714CD6449C5A,714CD6449C5A
C0D9D57CDFB5,C0D9D57CDFB5
4A4F86CD223A,4A4F86CD223A
2628B6C73823,2628B6C73823
C6CC75D21FD5,C6CC75D21FD5
A4DDF2611E1B,A4DDF2611E1B
A68B565F7563,A68B565F7563
494F29C45DCC,494F29C45DCC
B0F469323C07,B0F469323C07
F373F78C6D5F,F373F78C6D5F
94BE06351E17,94BE06351E17
0B184DE679DF,0B184DE679DF
70FF58B9C7DD,70FF58B9C7DD
6E39B11464EC,6E39B11464EC
16B945B4F6A3,16B945B4F6A3
5DA75D60A08F,5DA75D60A08F
0CAC5F6B3996,0CAC5F6B3996
AC24B8F7F056,AC24B8F7F056
A70181EB606E,A70181EB606E
2F413E4EE22D,2F413E4EE22D
4FE1456322D6,4FE1456322D6
DE33DEC4FDCD,DE33DEC4FDCD
0B7376C9C407,0B7376C9C407
FCF3BECE85DB,FCF3BECE85DB
6442CBCC4037,6442CBCC4037
F21905D7B85A,F21905D7B85A
C8574C60065B,C8574C60065B
850F8A790B75,850F8A790B75
DAFE21A78436,DAFE21A78436
10A59A9DEFE2,10A59A9DEFE2
5A61416FBF21,5A61416FBF21
3767E44F3D48,3767E44F3D48
EA97055B693D,EA97055B693D
2A5EA8897879,2A5EA8897879
0059A6F2ADF5,0059A6F2ADF5
5588DD6C0456,5588DD6C0456
57F3F42BD944,57F3F42BD944
B5A0C46A7724,B5A0C46A7724
47FBC06F7B7E,47FBC06F7B7E
0C108BF0169F,0C108BF0169F
CCFB414E82E8,CCFB414E82E8
F69A0BA4F672,F69A0BA4F672
CB23C2947084,CB23C2947084
6F065B77DFD5,6F065B77DFD5
24B89DBFFA60,24B89DBFFA60
CC2F6B0D91F4,CC2F6B0D91F4
1AB55D32677B,1AB55D32677B
ED0E37CE9935,ED0E37CE9935
1243543B5EFD,1243543B5EFD
755F04082BAB,755F04082BAB
3FDAB6F305D8,3FDAB6F305D8
A93879718E9D,A93879718E9D
6E62EDEEC905,6E62EDEEC905
DAADC4661AC4,DAADC4661AC4
44A085BE590E,44A085BE590E
20C92DB730F1,20C92DB730F1
0161F5927B78,0161F5927B78
8790EA6B8CDE,8790EA6B8CDE
FF22577E45D8,FF22577E45D8
DCF9EF4295F6,DCF9EF4295F6
033172297292,033172297292
0EF3C5297A89,0EF3C5297A89
D345B1BE6187,D345B1BE6187
AB4746B271B3,AB4746B271B3
C3CD4332FA2E,C3CD4332FA2E
A722B4A41DA5,A722B4A41DA5
E6685CBEABBA,E6685CBEABBA
7E12EF45845C,7E12EF45845C
2CA5D66C2B57,2CA5D66C2B57
7CF1A68E71B8,7CF1A68E71B8
94D4574C3B0D,94D4574C3B0D
8A94506388C0,8A94506388C0
0445FC9B4632,0445FC9B4632
38C241BD0FED,38C241BD0FED
1AA86235A6D3,1AA86235A6D3
5F8BCBBE8780,5F8BCBBE8780
C158F8DC25B8,C158F8DC25B8
B6EA96E03FF2,B6EA96E03FF2
2A28170EA799,2A28170EA799
62CB56474A7A,62CB56474A7A
87F1C2D9475D,87F1C2D9475D
9D0F9CA02EE7,9D0F9CA02EE7
56747CA55ADC,56747CA55ADC
A3CDEB58BAA6,A3CDEB58BAA6
DBAAC7297A6A,DBAAC7297A6A
B085E265E830,B085E265E830
5C43B9A2C33B,5C43B9A2C33B
573BC4E4E417,573BC4E4E417
AF3AD9493150,AF3AD9493150
B374656E7427,B374656E7427
344AA8D3FA25,344AA8D3FA25
A04586F90A7E,A04586F90A7E
6EE914FC1236,6EE914FC1236
4C6303134A1E,4C6303134A1E
8E407B81CF7E,8E407B81CF7E
347250BD864D,347250BD864D
04495CEFE495,04495CEFE495
5AF08359EDB6,5AF08359EDB6
694905FF027C,694905FF027C
71C6C7E89DB8,71C6C7E89DB8
D34FAAA5668C,D34FAAA5668C
AABDA9BE3390,AABDA9BE3390
9010C0B8DDBD,9010C0B8DDBD
C9211E914C49,C9211E914C49
332285B6EBDC,332285B6EBDC
73DB180358CD,73DB180358CD
2E7E5693DF2B,2E7E5693DF2B
04C3C0632C23,04C3C0632C23
12F1FE1AF216,12F1FE1AF216
677C00429B6D,677C00429B6D
9B1A3F4C18BD,9B1A3F4C18BD
432269DF3FF6,432269DF3FF6
7949C5218FD5,7949C5218FD5
03CCCA86CF64,03CCCA86CF64
845B9B607D99,845B9B607D99
7A89D7197A23,7A89D7197A23
B9908308D2A4,B9908308D2A4
3DBCE4CA0A9C,3DBCE4CA0A9C
B55DE8FD219E,B55DE8FD219E
738FFAD6D082,738FFAD6D082
B875D6F4F4B3,B875D6F4F4B3
2F3AFBD37AF5,2F3AFBD37AF5
51EE8B706538,51EE8B706538
6806D8C56948,6806D8C56948
BC3151E8C08B,BC3151E8C08B
00924D20099D,00924D20099D
78B70E4F2601,78B70E4F2601
8B22437CACFD,8B22437CACFD
60D2154DAB86,60D2154DAB86
6C6C51C7790D,6C6C51C7790D
BB0F6ABDD3BF,BB0F6ABDD3BF
F00D3F11BCFE,F00D3F11BCFE
81B7756E2D7C,81B7756E2D7C
585A3A9258FD,585A3A9258FD
539B36A54321,539B36A54321
0DB4F0C08BD8,0DB4F0C08BD8
947C271E8FDC,947C271E8FDC
0B34820D8833,0B34820D8833
